-- MySQL Administrator dump 1.4
--
-- ------------------------------------------------------
-- Server version	5.5.5-10.1.25-MariaDB


/*!40101 SET @OLD_CHARACTER_SET_CLIENT=@@CHARACTER_SET_CLIENT */;
/*!40101 SET @OLD_CHARACTER_SET_RESULTS=@@CHARACTER_SET_RESULTS */;
/*!40101 SET @OLD_COLLATION_CONNECTION=@@COLLATION_CONNECTION */;
/*!40101 SET NAMES utf8 */;

/*!40014 SET @OLD_UNIQUE_CHECKS=@@UNIQUE_CHECKS, UNIQUE_CHECKS=0 */;
/*!40014 SET @OLD_FOREIGN_KEY_CHECKS=@@FOREIGN_KEY_CHECKS, FOREIGN_KEY_CHECKS=0 */;
/*!40101 SET @OLD_SQL_MODE=@@SQL_MODE, SQL_MODE='NO_AUTO_VALUE_ON_ZERO' */;


--
-- Create schema laboratorio
--

CREATE DATABASE IF NOT EXISTS laboratorio;
USE laboratorio;

--
-- Definition of table `clientes`
--

DROP TABLE IF EXISTS `clientes`;
CREATE TABLE `clientes` (
  `id` int(10) unsigned NOT NULL AUTO_INCREMENT,
  `cedula` varchar(13) COLLATE utf8mb4_unicode_ci NOT NULL,
  `nombres` varchar(128) COLLATE utf8mb4_unicode_ci NOT NULL,
  `apellidos` varchar(128) COLLATE utf8mb4_unicode_ci DEFAULT NULL,
  `direccion` varchar(512) COLLATE utf8mb4_unicode_ci DEFAULT NULL,
  `telefono` varchar(10) COLLATE utf8mb4_unicode_ci DEFAULT NULL,
  `estado` tinyint(4) NOT NULL,
  `created_at` timestamp NULL DEFAULT NULL,
  `updated_at` timestamp NULL DEFAULT NULL,
  `deleted_at` timestamp NULL DEFAULT NULL,
  PRIMARY KEY (`id`)
) ENGINE=InnoDB AUTO_INCREMENT=5 DEFAULT CHARSET=utf8mb4 COLLATE=utf8mb4_unicode_ci;

--
-- Dumping data for table `clientes`
--

/*!40000 ALTER TABLE `clientes` DISABLE KEYS */;
INSERT INTO `clientes` (`id`,`cedula`,`nombres`,`apellidos`,`direccion`,`telefono`,`estado`,`created_at`,`updated_at`,`deleted_at`) VALUES 
 (1,'0603718578','Fabian','Cherees','casas',NULL,1,'2017-08-27 14:17:02','2017-08-27 14:22:54',NULL),
 (2,'0637382924','CArla','Manzo','Calle 1','343334334',1,'2017-08-27 14:27:18','2017-08-27 14:27:33','2017-08-27 14:27:33'),
 (3,'0637382924','maria','peres','asas',NULL,1,'2017-08-27 15:12:39','2017-08-27 15:14:13','2017-08-27 15:14:13'),
 (4,'0603718573','Carlos','Montes','Los Pinos','297171711',1,'2017-08-27 17:17:31','2017-10-08 22:02:21',NULL);
/*!40000 ALTER TABLE `clientes` ENABLE KEYS */;


--
-- Definition of table `codigosorden`
--

DROP TABLE IF EXISTS `codigosorden`;
CREATE TABLE `codigosorden` (
  `id` int(11) NOT NULL AUTO_INCREMENT,
  `cedula` varchar(45) NOT NULL,
  `fecha` datetime NOT NULL,
  `codigo` varchar(45) NOT NULL,
  `orden_id` int(10) unsigned NOT NULL,
  `deleted_at` datetime DEFAULT NULL,
  PRIMARY KEY (`id`),
  KEY `fkorden_idx` (`orden_id`),
  CONSTRAINT `fkorden` FOREIGN KEY (`orden_id`) REFERENCES `orden` (`id`) ON DELETE NO ACTION ON UPDATE NO ACTION
) ENGINE=InnoDB AUTO_INCREMENT=19 DEFAULT CHARSET=latin1;

--
-- Dumping data for table `codigosorden`
--

/*!40000 ALTER TABLE `codigosorden` DISABLE KEYS */;
INSERT INTO `codigosorden` (`id`,`cedula`,`fecha`,`codigo`,`orden_id`,`deleted_at`) VALUES 
 (16,'0600324001','2017-10-15 02:39:51','DEU96Y',14,NULL),
 (17,'0600324001','2017-10-15 03:03:18','OI2YSP',16,NULL),
 (18,'0600324001','2017-10-15 03:03:42','X7B2U6',15,NULL);
/*!40000 ALTER TABLE `codigosorden` ENABLE KEYS */;


--
-- Definition of table `detalleorden`
--

DROP TABLE IF EXISTS `detalleorden`;
CREATE TABLE `detalleorden` (
  `id` int(10) unsigned NOT NULL AUTO_INCREMENT,
  `orden_id` int(10) unsigned NOT NULL,
  `examens_id` int(10) unsigned NOT NULL,
  `created_at` timestamp NULL DEFAULT NULL,
  `updated_at` timestamp NULL DEFAULT NULL,
  `precio` decimal(5,2) NOT NULL,
  PRIMARY KEY (`id`),
  KEY `detalleorden_orden_id_foreign` (`orden_id`),
  KEY `detalleorden_examens_id_foreign` (`examens_id`),
  CONSTRAINT `detalleorden_examens_id_foreign` FOREIGN KEY (`examens_id`) REFERENCES `examens` (`id`),
  CONSTRAINT `detalleorden_orden_id_foreign` FOREIGN KEY (`orden_id`) REFERENCES `orden` (`id`)
) ENGINE=InnoDB DEFAULT CHARSET=utf8mb4 COLLATE=utf8mb4_unicode_ci;

--
-- Dumping data for table `detalleorden`
--

/*!40000 ALTER TABLE `detalleorden` DISABLE KEYS */;
/*!40000 ALTER TABLE `detalleorden` ENABLE KEYS */;


--
-- Definition of table `examan_muestra`
--

DROP TABLE IF EXISTS `examan_muestra`;
CREATE TABLE `examan_muestra` (
  `id` int(10) unsigned NOT NULL AUTO_INCREMENT,
  `examan_id` int(10) unsigned NOT NULL,
  `muestra_id` int(10) unsigned NOT NULL,
  `created_at` timestamp NULL DEFAULT NULL,
  `updated_at` timestamp NULL DEFAULT NULL,
  `deleted_at` timestamp NULL DEFAULT NULL,
  PRIMARY KEY (`id`),
  KEY `examenmuestra_examens_id_foreign` (`examan_id`),
  KEY `examenmuestra_muestras_id_foreign` (`muestra_id`)
) ENGINE=InnoDB AUTO_INCREMENT=185 DEFAULT CHARSET=utf8mb4 COLLATE=utf8mb4_unicode_ci;

--
-- Dumping data for table `examan_muestra`
--

/*!40000 ALTER TABLE `examan_muestra` DISABLE KEYS */;
INSERT INTO `examan_muestra` (`id`,`examan_id`,`muestra_id`,`created_at`,`updated_at`,`deleted_at`) VALUES 
 (1,1,1,'0000-00-00 00:00:00','0000-00-00 00:00:00','0000-00-00 00:00:00'),
 (2,2,1,'0000-00-00 00:00:00','0000-00-00 00:00:00','0000-00-00 00:00:00'),
 (3,3,1,'0000-00-00 00:00:00','0000-00-00 00:00:00','0000-00-00 00:00:00'),
 (4,4,1,'0000-00-00 00:00:00','0000-00-00 00:00:00','0000-00-00 00:00:00'),
 (5,5,1,'0000-00-00 00:00:00','0000-00-00 00:00:00','0000-00-00 00:00:00'),
 (6,6,1,'0000-00-00 00:00:00','0000-00-00 00:00:00','0000-00-00 00:00:00'),
 (7,7,1,'0000-00-00 00:00:00','0000-00-00 00:00:00','0000-00-00 00:00:00'),
 (8,8,1,'0000-00-00 00:00:00','0000-00-00 00:00:00','0000-00-00 00:00:00'),
 (9,9,1,'0000-00-00 00:00:00','0000-00-00 00:00:00','0000-00-00 00:00:00'),
 (10,10,1,'0000-00-00 00:00:00','0000-00-00 00:00:00','0000-00-00 00:00:00'),
 (11,11,1,'0000-00-00 00:00:00','0000-00-00 00:00:00','0000-00-00 00:00:00'),
 (12,12,1,'0000-00-00 00:00:00','0000-00-00 00:00:00','0000-00-00 00:00:00'),
 (13,13,1,'0000-00-00 00:00:00','0000-00-00 00:00:00','0000-00-00 00:00:00'),
 (14,14,1,'0000-00-00 00:00:00','0000-00-00 00:00:00','0000-00-00 00:00:00'),
 (15,15,1,'0000-00-00 00:00:00','0000-00-00 00:00:00','0000-00-00 00:00:00'),
 (16,16,1,'0000-00-00 00:00:00','0000-00-00 00:00:00','0000-00-00 00:00:00'),
 (17,17,2,'0000-00-00 00:00:00','0000-00-00 00:00:00','0000-00-00 00:00:00'),
 (18,18,3,'0000-00-00 00:00:00','0000-00-00 00:00:00','0000-00-00 00:00:00'),
 (19,19,1,'0000-00-00 00:00:00','0000-00-00 00:00:00','0000-00-00 00:00:00'),
 (20,20,2,'0000-00-00 00:00:00','0000-00-00 00:00:00','0000-00-00 00:00:00'),
 (21,21,4,'0000-00-00 00:00:00','0000-00-00 00:00:00','0000-00-00 00:00:00'),
 (22,22,3,'0000-00-00 00:00:00','0000-00-00 00:00:00','0000-00-00 00:00:00'),
 (23,23,4,'0000-00-00 00:00:00','0000-00-00 00:00:00','0000-00-00 00:00:00'),
 (24,24,1,'0000-00-00 00:00:00','0000-00-00 00:00:00','0000-00-00 00:00:00'),
 (25,25,3,'0000-00-00 00:00:00','0000-00-00 00:00:00','0000-00-00 00:00:00'),
 (26,26,4,'0000-00-00 00:00:00','0000-00-00 00:00:00','0000-00-00 00:00:00'),
 (27,27,4,'0000-00-00 00:00:00','0000-00-00 00:00:00','0000-00-00 00:00:00'),
 (28,28,4,'0000-00-00 00:00:00','0000-00-00 00:00:00','0000-00-00 00:00:00'),
 (29,29,4,'0000-00-00 00:00:00','0000-00-00 00:00:00','0000-00-00 00:00:00'),
 (30,30,4,'0000-00-00 00:00:00','0000-00-00 00:00:00','0000-00-00 00:00:00'),
 (31,31,3,'0000-00-00 00:00:00','0000-00-00 00:00:00','0000-00-00 00:00:00'),
 (32,32,3,'0000-00-00 00:00:00','0000-00-00 00:00:00','0000-00-00 00:00:00'),
 (33,33,3,'0000-00-00 00:00:00','0000-00-00 00:00:00','0000-00-00 00:00:00'),
 (34,34,3,'0000-00-00 00:00:00','0000-00-00 00:00:00','0000-00-00 00:00:00'),
 (35,35,3,'0000-00-00 00:00:00','0000-00-00 00:00:00','0000-00-00 00:00:00'),
 (36,36,3,'0000-00-00 00:00:00','0000-00-00 00:00:00','0000-00-00 00:00:00'),
 (37,37,3,'0000-00-00 00:00:00','0000-00-00 00:00:00','0000-00-00 00:00:00'),
 (38,38,3,'0000-00-00 00:00:00','0000-00-00 00:00:00','0000-00-00 00:00:00'),
 (39,39,3,'0000-00-00 00:00:00','0000-00-00 00:00:00','0000-00-00 00:00:00'),
 (40,40,3,'0000-00-00 00:00:00','0000-00-00 00:00:00','0000-00-00 00:00:00'),
 (41,41,3,'0000-00-00 00:00:00','0000-00-00 00:00:00','0000-00-00 00:00:00'),
 (42,42,3,'0000-00-00 00:00:00','0000-00-00 00:00:00','0000-00-00 00:00:00'),
 (43,43,3,'0000-00-00 00:00:00','0000-00-00 00:00:00','0000-00-00 00:00:00'),
 (44,44,3,'0000-00-00 00:00:00','0000-00-00 00:00:00','0000-00-00 00:00:00'),
 (45,45,3,'0000-00-00 00:00:00','0000-00-00 00:00:00','0000-00-00 00:00:00'),
 (46,46,3,'0000-00-00 00:00:00','0000-00-00 00:00:00','0000-00-00 00:00:00'),
 (47,47,3,'0000-00-00 00:00:00','0000-00-00 00:00:00','0000-00-00 00:00:00'),
 (48,48,1,'0000-00-00 00:00:00','0000-00-00 00:00:00','0000-00-00 00:00:00'),
 (49,49,3,'0000-00-00 00:00:00','0000-00-00 00:00:00','0000-00-00 00:00:00'),
 (50,50,3,'0000-00-00 00:00:00','0000-00-00 00:00:00','0000-00-00 00:00:00'),
 (51,51,3,'0000-00-00 00:00:00','0000-00-00 00:00:00','0000-00-00 00:00:00'),
 (52,52,3,'0000-00-00 00:00:00','0000-00-00 00:00:00','0000-00-00 00:00:00'),
 (53,53,3,'0000-00-00 00:00:00','0000-00-00 00:00:00','0000-00-00 00:00:00'),
 (54,54,3,'0000-00-00 00:00:00','0000-00-00 00:00:00','0000-00-00 00:00:00'),
 (55,55,3,'0000-00-00 00:00:00','0000-00-00 00:00:00','0000-00-00 00:00:00'),
 (56,56,3,'0000-00-00 00:00:00','0000-00-00 00:00:00','0000-00-00 00:00:00'),
 (57,57,3,'0000-00-00 00:00:00','0000-00-00 00:00:00','0000-00-00 00:00:00'),
 (58,58,3,'0000-00-00 00:00:00','0000-00-00 00:00:00','0000-00-00 00:00:00'),
 (59,59,3,'0000-00-00 00:00:00','0000-00-00 00:00:00','0000-00-00 00:00:00'),
 (60,60,3,'0000-00-00 00:00:00','0000-00-00 00:00:00','0000-00-00 00:00:00'),
 (61,61,3,'0000-00-00 00:00:00','0000-00-00 00:00:00','0000-00-00 00:00:00'),
 (62,62,3,'0000-00-00 00:00:00','0000-00-00 00:00:00','0000-00-00 00:00:00'),
 (63,63,3,'0000-00-00 00:00:00','0000-00-00 00:00:00','0000-00-00 00:00:00'),
 (64,64,3,'0000-00-00 00:00:00','0000-00-00 00:00:00','0000-00-00 00:00:00'),
 (65,65,3,'0000-00-00 00:00:00','0000-00-00 00:00:00','0000-00-00 00:00:00'),
 (66,66,3,'0000-00-00 00:00:00','0000-00-00 00:00:00','0000-00-00 00:00:00'),
 (67,67,3,'0000-00-00 00:00:00','0000-00-00 00:00:00','0000-00-00 00:00:00'),
 (68,68,3,'0000-00-00 00:00:00','0000-00-00 00:00:00','0000-00-00 00:00:00'),
 (69,69,3,'0000-00-00 00:00:00','0000-00-00 00:00:00','0000-00-00 00:00:00'),
 (70,70,3,'0000-00-00 00:00:00','0000-00-00 00:00:00','0000-00-00 00:00:00'),
 (71,71,3,'0000-00-00 00:00:00','0000-00-00 00:00:00','0000-00-00 00:00:00'),
 (72,72,3,'0000-00-00 00:00:00','0000-00-00 00:00:00','0000-00-00 00:00:00'),
 (73,73,3,'0000-00-00 00:00:00','0000-00-00 00:00:00','0000-00-00 00:00:00'),
 (74,74,3,'0000-00-00 00:00:00','0000-00-00 00:00:00','0000-00-00 00:00:00'),
 (75,75,3,'0000-00-00 00:00:00','0000-00-00 00:00:00','0000-00-00 00:00:00'),
 (76,76,3,'0000-00-00 00:00:00','0000-00-00 00:00:00','0000-00-00 00:00:00'),
 (77,77,3,'0000-00-00 00:00:00','0000-00-00 00:00:00','0000-00-00 00:00:00'),
 (78,78,3,'0000-00-00 00:00:00','0000-00-00 00:00:00','0000-00-00 00:00:00'),
 (79,79,3,'0000-00-00 00:00:00','0000-00-00 00:00:00','0000-00-00 00:00:00'),
 (80,80,3,'0000-00-00 00:00:00','0000-00-00 00:00:00','0000-00-00 00:00:00'),
 (81,81,3,'0000-00-00 00:00:00','0000-00-00 00:00:00','0000-00-00 00:00:00'),
 (82,82,3,'0000-00-00 00:00:00','0000-00-00 00:00:00','0000-00-00 00:00:00'),
 (83,83,3,'0000-00-00 00:00:00','0000-00-00 00:00:00','0000-00-00 00:00:00'),
 (84,84,3,'0000-00-00 00:00:00','0000-00-00 00:00:00','0000-00-00 00:00:00'),
 (85,85,3,'0000-00-00 00:00:00','0000-00-00 00:00:00','0000-00-00 00:00:00'),
 (86,86,3,'0000-00-00 00:00:00','0000-00-00 00:00:00','0000-00-00 00:00:00'),
 (87,87,3,'0000-00-00 00:00:00','0000-00-00 00:00:00','0000-00-00 00:00:00'),
 (88,88,3,'0000-00-00 00:00:00','0000-00-00 00:00:00','0000-00-00 00:00:00'),
 (89,89,3,'0000-00-00 00:00:00','0000-00-00 00:00:00','0000-00-00 00:00:00'),
 (90,90,3,'0000-00-00 00:00:00','0000-00-00 00:00:00','0000-00-00 00:00:00'),
 (91,91,3,'0000-00-00 00:00:00','0000-00-00 00:00:00','0000-00-00 00:00:00'),
 (92,92,3,'0000-00-00 00:00:00','0000-00-00 00:00:00','0000-00-00 00:00:00'),
 (93,93,3,'0000-00-00 00:00:00','0000-00-00 00:00:00','0000-00-00 00:00:00'),
 (94,94,3,'0000-00-00 00:00:00','0000-00-00 00:00:00','0000-00-00 00:00:00'),
 (95,95,3,'0000-00-00 00:00:00','0000-00-00 00:00:00','0000-00-00 00:00:00'),
 (96,96,3,'0000-00-00 00:00:00','0000-00-00 00:00:00','0000-00-00 00:00:00'),
 (97,97,3,'0000-00-00 00:00:00','0000-00-00 00:00:00','0000-00-00 00:00:00'),
 (98,98,3,'0000-00-00 00:00:00','0000-00-00 00:00:00','0000-00-00 00:00:00'),
 (99,99,3,'0000-00-00 00:00:00','0000-00-00 00:00:00','0000-00-00 00:00:00'),
 (100,100,3,'0000-00-00 00:00:00','0000-00-00 00:00:00','0000-00-00 00:00:00'),
 (101,101,3,'0000-00-00 00:00:00','0000-00-00 00:00:00','0000-00-00 00:00:00'),
 (102,102,3,'0000-00-00 00:00:00','0000-00-00 00:00:00','0000-00-00 00:00:00'),
 (103,103,3,'0000-00-00 00:00:00','0000-00-00 00:00:00','0000-00-00 00:00:00'),
 (104,104,3,'0000-00-00 00:00:00','0000-00-00 00:00:00','0000-00-00 00:00:00'),
 (105,105,3,'0000-00-00 00:00:00','0000-00-00 00:00:00','0000-00-00 00:00:00'),
 (106,106,3,'0000-00-00 00:00:00','0000-00-00 00:00:00','0000-00-00 00:00:00'),
 (107,107,3,'0000-00-00 00:00:00','0000-00-00 00:00:00','0000-00-00 00:00:00'),
 (108,108,3,'0000-00-00 00:00:00','0000-00-00 00:00:00','0000-00-00 00:00:00'),
 (109,109,3,'0000-00-00 00:00:00','0000-00-00 00:00:00','0000-00-00 00:00:00'),
 (110,110,3,'0000-00-00 00:00:00','0000-00-00 00:00:00','0000-00-00 00:00:00'),
 (111,111,3,'0000-00-00 00:00:00','0000-00-00 00:00:00','0000-00-00 00:00:00'),
 (112,112,3,'0000-00-00 00:00:00','0000-00-00 00:00:00','0000-00-00 00:00:00'),
 (113,113,3,'0000-00-00 00:00:00','0000-00-00 00:00:00','0000-00-00 00:00:00'),
 (114,114,3,'0000-00-00 00:00:00','0000-00-00 00:00:00','0000-00-00 00:00:00'),
 (115,115,3,'0000-00-00 00:00:00','0000-00-00 00:00:00','0000-00-00 00:00:00'),
 (116,116,3,'0000-00-00 00:00:00','0000-00-00 00:00:00','0000-00-00 00:00:00'),
 (117,117,3,'0000-00-00 00:00:00','0000-00-00 00:00:00','0000-00-00 00:00:00'),
 (118,118,3,'0000-00-00 00:00:00','0000-00-00 00:00:00','0000-00-00 00:00:00'),
 (119,119,3,'0000-00-00 00:00:00','0000-00-00 00:00:00','0000-00-00 00:00:00'),
 (120,120,3,'0000-00-00 00:00:00','0000-00-00 00:00:00','0000-00-00 00:00:00'),
 (121,121,3,'0000-00-00 00:00:00','0000-00-00 00:00:00','0000-00-00 00:00:00'),
 (122,122,3,'0000-00-00 00:00:00','0000-00-00 00:00:00','0000-00-00 00:00:00'),
 (123,123,3,'0000-00-00 00:00:00','0000-00-00 00:00:00','0000-00-00 00:00:00'),
 (124,124,3,'0000-00-00 00:00:00','0000-00-00 00:00:00','0000-00-00 00:00:00'),
 (125,125,3,'0000-00-00 00:00:00','0000-00-00 00:00:00','0000-00-00 00:00:00'),
 (126,126,3,'0000-00-00 00:00:00','0000-00-00 00:00:00','0000-00-00 00:00:00'),
 (127,127,3,'0000-00-00 00:00:00','0000-00-00 00:00:00','0000-00-00 00:00:00'),
 (128,128,3,'0000-00-00 00:00:00','0000-00-00 00:00:00','0000-00-00 00:00:00'),
 (129,129,3,'0000-00-00 00:00:00','0000-00-00 00:00:00','0000-00-00 00:00:00'),
 (130,130,3,'0000-00-00 00:00:00','0000-00-00 00:00:00','0000-00-00 00:00:00'),
 (131,131,3,'0000-00-00 00:00:00','0000-00-00 00:00:00','0000-00-00 00:00:00'),
 (132,132,3,'0000-00-00 00:00:00','0000-00-00 00:00:00','0000-00-00 00:00:00'),
 (133,133,3,'0000-00-00 00:00:00','0000-00-00 00:00:00','0000-00-00 00:00:00'),
 (134,134,3,'0000-00-00 00:00:00','0000-00-00 00:00:00','0000-00-00 00:00:00'),
 (135,135,3,'0000-00-00 00:00:00','0000-00-00 00:00:00','0000-00-00 00:00:00'),
 (136,136,3,'0000-00-00 00:00:00','0000-00-00 00:00:00','0000-00-00 00:00:00'),
 (137,137,3,'0000-00-00 00:00:00','0000-00-00 00:00:00','0000-00-00 00:00:00'),
 (138,138,3,'0000-00-00 00:00:00','0000-00-00 00:00:00','0000-00-00 00:00:00'),
 (139,139,3,'0000-00-00 00:00:00','0000-00-00 00:00:00','0000-00-00 00:00:00'),
 (140,140,3,'0000-00-00 00:00:00','0000-00-00 00:00:00','0000-00-00 00:00:00'),
 (141,141,3,'0000-00-00 00:00:00','0000-00-00 00:00:00','0000-00-00 00:00:00'),
 (142,142,3,'0000-00-00 00:00:00','0000-00-00 00:00:00','0000-00-00 00:00:00'),
 (143,143,3,'0000-00-00 00:00:00','0000-00-00 00:00:00','0000-00-00 00:00:00'),
 (144,144,3,'0000-00-00 00:00:00','0000-00-00 00:00:00','0000-00-00 00:00:00'),
 (145,145,3,'0000-00-00 00:00:00','0000-00-00 00:00:00','0000-00-00 00:00:00'),
 (146,146,3,'0000-00-00 00:00:00','0000-00-00 00:00:00','0000-00-00 00:00:00'),
 (147,147,3,'0000-00-00 00:00:00','0000-00-00 00:00:00','0000-00-00 00:00:00'),
 (148,148,3,'0000-00-00 00:00:00','0000-00-00 00:00:00','0000-00-00 00:00:00'),
 (149,149,3,'0000-00-00 00:00:00','0000-00-00 00:00:00','0000-00-00 00:00:00'),
 (150,150,3,'0000-00-00 00:00:00','0000-00-00 00:00:00','0000-00-00 00:00:00'),
 (151,151,3,'0000-00-00 00:00:00','0000-00-00 00:00:00','0000-00-00 00:00:00'),
 (152,152,3,'0000-00-00 00:00:00','0000-00-00 00:00:00','0000-00-00 00:00:00'),
 (153,153,3,'0000-00-00 00:00:00','0000-00-00 00:00:00','0000-00-00 00:00:00'),
 (154,154,3,'0000-00-00 00:00:00','0000-00-00 00:00:00','0000-00-00 00:00:00'),
 (155,155,3,'0000-00-00 00:00:00','0000-00-00 00:00:00','0000-00-00 00:00:00'),
 (156,156,3,'0000-00-00 00:00:00','0000-00-00 00:00:00','0000-00-00 00:00:00'),
 (157,157,3,'0000-00-00 00:00:00','0000-00-00 00:00:00','0000-00-00 00:00:00'),
 (158,167,5,'0000-00-00 00:00:00','0000-00-00 00:00:00','0000-00-00 00:00:00'),
 (159,168,5,'0000-00-00 00:00:00','0000-00-00 00:00:00','0000-00-00 00:00:00'),
 (160,169,5,'0000-00-00 00:00:00','0000-00-00 00:00:00','0000-00-00 00:00:00'),
 (161,170,6,'0000-00-00 00:00:00','0000-00-00 00:00:00','0000-00-00 00:00:00'),
 (162,171,5,'0000-00-00 00:00:00','0000-00-00 00:00:00','0000-00-00 00:00:00'),
 (163,172,5,'0000-00-00 00:00:00','0000-00-00 00:00:00','0000-00-00 00:00:00'),
 (164,173,5,'0000-00-00 00:00:00','0000-00-00 00:00:00','0000-00-00 00:00:00'),
 (165,174,5,'0000-00-00 00:00:00','0000-00-00 00:00:00','0000-00-00 00:00:00'),
 (166,175,5,'0000-00-00 00:00:00','0000-00-00 00:00:00','0000-00-00 00:00:00'),
 (167,176,6,'0000-00-00 00:00:00','0000-00-00 00:00:00','0000-00-00 00:00:00'),
 (168,177,5,'0000-00-00 00:00:00','0000-00-00 00:00:00','0000-00-00 00:00:00'),
 (169,178,5,'0000-00-00 00:00:00','0000-00-00 00:00:00','0000-00-00 00:00:00'),
 (170,179,7,'0000-00-00 00:00:00','0000-00-00 00:00:00','0000-00-00 00:00:00'),
 (171,180,7,'0000-00-00 00:00:00','0000-00-00 00:00:00','0000-00-00 00:00:00'),
 (172,181,7,'0000-00-00 00:00:00','0000-00-00 00:00:00','0000-00-00 00:00:00'),
 (173,182,7,'0000-00-00 00:00:00','0000-00-00 00:00:00','0000-00-00 00:00:00'),
 (174,183,7,'0000-00-00 00:00:00','0000-00-00 00:00:00','0000-00-00 00:00:00'),
 (175,184,7,'0000-00-00 00:00:00','0000-00-00 00:00:00','0000-00-00 00:00:00'),
 (176,185,7,'0000-00-00 00:00:00','0000-00-00 00:00:00','0000-00-00 00:00:00'),
 (177,186,7,'0000-00-00 00:00:00','0000-00-00 00:00:00','0000-00-00 00:00:00'),
 (178,187,7,'0000-00-00 00:00:00','0000-00-00 00:00:00','0000-00-00 00:00:00'),
 (182,192,4,NULL,NULL,NULL),
 (183,191,3,NULL,NULL,NULL),
 (184,192,2,NULL,NULL,NULL);
/*!40000 ALTER TABLE `examan_muestra` ENABLE KEYS */;


--
-- Definition of table `examens`
--

DROP TABLE IF EXISTS `examens`;
CREATE TABLE `examens` (
  `id` int(10) unsigned NOT NULL AUTO_INCREMENT,
  `tipoexamens_id` int(10) unsigned NOT NULL,
  `nombre` varchar(512) COLLATE utf8mb4_unicode_ci NOT NULL,
  `plantilla` text COLLATE utf8mb4_unicode_ci NOT NULL,
  `precio_normal` decimal(5,2) NOT NULL,
  `precio_laboratorio` decimal(5,2) NOT NULL,
  `precio_clinica` decimal(5,2) NOT NULL,
  `estado` tinyint(4) NOT NULL,
  `created_at` timestamp NULL DEFAULT NULL,
  `updated_at` timestamp NULL DEFAULT NULL,
  `deleted_at` timestamp NULL DEFAULT NULL,
  `muestras_id` int(11) NOT NULL DEFAULT '1',
  PRIMARY KEY (`id`),
  KEY `examens_tipoexamens_id_foreign` (`tipoexamens_id`),
  CONSTRAINT `examens_tipoexamens_id_foreign` FOREIGN KEY (`tipoexamens_id`) REFERENCES `tipoexamens` (`id`)
) ENGINE=InnoDB AUTO_INCREMENT=181 DEFAULT CHARSET=utf8mb4 COLLATE=utf8mb4_unicode_ci;

--
-- Dumping data for table `examens`
--

/*!40000 ALTER TABLE `examens` DISABLE KEYS */;
INSERT INTO `examens` (`id`,`tipoexamens_id`,`nombre`,`plantilla`,`precio_normal`,`precio_laboratorio`,`precio_clinica`,`estado`,`created_at`,`updated_at`,`deleted_at`,`muestras_id`) VALUES 
 (1,1,'BIOMETRIA HEMATICA','HEMATIES                      0\'000.000/mm3','10.00','6.00','5.00',1,'2017-10-19 00:00:00',NULL,NULL,1),
 (2,1,'HEMOGLOBINA','N/A','2.00','2.00','2.00',1,'2017-10-19 00:00:00',NULL,NULL,1),
 (3,1,'HEMATOCRITO','N/A','2.50','2.00','2.00',1,'2017-10-19 00:00:00',NULL,NULL,1),
 (4,1,'PLAQUETAS','N/A','3.00','2.00','2.00',1,'2017-10-19 00:00:00',NULL,NULL,1),
 (5,1,'RETICULOCITOS','N/A','3.00','2.00','2.00',1,'2017-10-19 00:00:00',NULL,NULL,1),
 (6,1,'FROTIS DE SANGRE PERIFÉRICA','N/A','25.00','20.00','20.00',1,'2017-10-19 00:00:00',NULL,NULL,1),
 (7,1,'HIERRO SERICO','µg/dL                  Win 7:\nmujeres : 40-145\n                                          niños 1-5 años: 22-136','4.00','3.00','3.00',1,'2017-10-19 00:00:00',NULL,NULL,1),
 (8,1,'CAPACIDAD DE FIJACION DE HIERRO','µg/dL                  240-450','3.00','2.00','2.00',1,'2017-10-19 00:00:00',NULL,NULL,1),
 (9,1,'FERRITINA','ηg/mL                  Win 7:\nhombres: (20-250)\n mujeres (10-120)\n6 meses a 15 años (7-140)','12.00','8.00','8.00',1,'2017-10-19 00:00:00',NULL,NULL,1),
 (10,1,'TRANSFERRINA','ηg/mL                  200-360','8.00','6.00','5.00',1,'2017-10-19 00:00:00',NULL,NULL,1),
 (11,1,'SATURACIÓN DE LA TRANSFERRINA','%','0.00','0.00','0.00',1,'2017-10-19 00:00:00',NULL,NULL,1),
 (12,1,'ÁCIDO FOLICO','ηg/mL                   2,30-12,0','15.00','13.00','13.00',1,'2017-10-19 00:00:00',NULL,NULL,1),
 (13,1,'VITAMINA B12','ρg/mL                   174-874','15.00','13.00','13.00',1,'2017-10-19 00:00:00',NULL,NULL,1),
 (14,1,'COOMBS DIRECTO','N/A','6.00','5.00','5.00',1,'2017-10-19 00:00:00',NULL,NULL,1),
 (15,1,'COOMBS INDIRECTO','N/A','7.00','6.00','6.00',1,'2017-10-19 00:00:00',NULL,NULL,1),
 (16,1,'GRUPO SANGUINEO RH','N/A','3.00','2.00','3.00',1,'2017-10-19 00:00:00',NULL,NULL,1),
 (17,14,'TIEMPO DE PROTROMBINA (T.P.)','seg-%         70-100','4.00','3.00','3.00',1,'2017-10-19 00:00:00',NULL,NULL,1),
 (18,14,'I.R.N','N/A','0.00','0.00','0.00',1,'2017-10-19 00:00:00',NULL,NULL,1),
 (19,14,'TIEMPO DE TROMBOPLASTINA PARCIAL (T.T.P.)','seg     hasta 45','4.00','3.00','3.00',1,'2017-10-19 00:00:00',NULL,NULL,1),
 (20,14,'TIEMPO DE COAGULACIÓ.','minutos    N/A','2.00','0.00','0.00',1,'2017-10-19 00:00:00',NULL,NULL,1),
 (21,14,'TIEMPO DE HEMORRAGIA','minutos     N/A','2.00','0.00','0.00',1,'2017-10-19 00:00:00',NULL,NULL,1),
 (22,14,'DÍMERO- D.','ηg/mL      hasta  500','25.00','20.00','20.00',1,'2017-10-19 00:00:00',NULL,NULL,1),
 (23,14,'FIBRINÓGENO','mg/dL      150-400','6.00','5.00','6.00',1,'2017-10-19 00:00:00',NULL,NULL,1),
 (24,2,'GLUCOSA BASAL','mg/dL     70-100','2.50','1.50','1.25',1,'2017-10-19 00:00:00',NULL,NULL,1),
 (25,2,'GLUCOSA 2H POSTPRANDIAL','mg/dL   N/A','2.50','1.50','1.25',1,'2017-10-19 00:00:00',NULL,NULL,1),
 (26,2,'CURVA DE TOLERANCIA 75G. DE GLUCOSA','mg/dL    N/A','10.00','6.00','6.00',1,'2017-10-19 00:00:00',NULL,NULL,1),
 (27,2,'CURVA DE TOLERANCIA 50G. DE GLUCOSA','mg/dL    N/A','10.00','6.00','6.00',1,'2017-10-19 00:00:00',NULL,NULL,1),
 (28,2,'HbA1c','%','15.00','10.00','7.00',1,'2017-10-19 00:00:00',NULL,NULL,1),
 (29,2,'FRUCTOSAMINA','µmol/L      205-285','6.00','4.00','4.00',1,'2017-10-19 00:00:00',NULL,NULL,1),
 (30,2,'CREATININA','mg/dL       0.60- 1.2','2.50','1.50','1.25',1,'2017-10-19 00:00:00',NULL,NULL,1),
 (31,2,'ÚREA','mg/dL       10-50','2.50','1.50','1.25',1,'2017-10-19 00:00:00',NULL,NULL,1),
 (32,2,'B.U.N','mg/dL      10-20','2.50','1.50','1.25',1,'2017-10-19 00:00:00',NULL,NULL,1),
 (33,2,'ÁCIDO ÚRICO','mg/dL      2.5-6.0','2.50','1.50','1.25',1,'2017-10-19 00:00:00',NULL,NULL,1),
 (34,2,'COLESTEROL TOTAL','mg/dL     hasta 200','2.50','1.50','1.25',1,'2017-10-19 00:00:00',NULL,NULL,1),
 (35,2,'HDL COLESTEROL','mg/dL       45-55','2.50','1.50','1.25',1,'2017-10-19 00:00:00',NULL,NULL,1),
 (36,2,'LDL COLESTEROL','mg/dL       hasta 130','2.50','0.00','0.00',1,'2017-10-19 00:00:00',NULL,NULL,1),
 (37,2,'TRIGLICÉRIDOS','mg/dL        10-150','2.50','1.50','1.25',1,'2017-10-19 00:00:00',NULL,NULL,1),
 (38,2,'LIPIDOS TOTALES','mg/dL      400-800','2.50','1.50','1.25',1,'2017-10-19 00:00:00',NULL,NULL,1),
 (39,2,'APOLIPOPORTEÍNAS A','mg/dL     122-161','8.00','6.00','6.00',1,'2017-10-19 00:00:00',NULL,NULL,1),
 (40,2,'APOLIPOPORTEÍNAS B','mg/dL     69-105','8.00','6.00','6.00',1,'2017-10-19 00:00:00',NULL,NULL,1),
 (41,2,'PROTEINAS TOTALES','g/dL       6.0-8.0','2.50','1.50','1.25',1,'2017-10-19 00:00:00',NULL,NULL,1),
 (42,2,'ALBUMINA','g/dL       3.5-5.0','2.50','1.50','1.25',1,'2017-10-19 00:00:00',NULL,NULL,1),
 (43,2,'BILIRRUBINA TOTAL','mg/dL      hasta 1.0','3.00','2.00','3.00',1,'2017-10-19 00:00:00',NULL,NULL,1),
 (44,2,'BILIRRUBINA DIRECTA','mg/dL    hasta 0.25','3.00','2.00','2.00',1,'2017-10-19 00:00:00',NULL,NULL,1),
 (45,2,'BILIRRUBINA INDIRECTA','mg/dL  hasta 0.75','0.00','0.00','0.00',1,'2017-10-19 00:00:00',NULL,NULL,1),
 (46,3,'T.G.O.','U/L   hasta 37','4.00','2.50','2.50',1,'2017-10-19 00:00:00',NULL,NULL,1),
 (47,3,'T.G.P.','U/L   hasta 42','4.00','2.50','2.50',1,'2017-10-19 00:00:00',NULL,NULL,1),
 (48,3,'FOSFATASA ALCALINA','U/L    64-306   Win 7:niños (hasta 644)','5.00','2.50','2.50',1,'2017-10-19 00:00:00',NULL,NULL,1),
 (49,3,'FOSFATASA ÁCIDA TOTAL','U/L   hasta 5.40','5.00','4.00','5.00',1,'2017-10-19 00:00:00',NULL,NULL,1),
 (50,3,'FOSFATASA ÁCIDA PROSTÁTICA','U/L   hasta 1.70','5.00','4.00','5.00',1,'2017-10-19 00:00:00',NULL,NULL,1),
 (51,3,'G.G.T','U/L    11-61    Win 7:MUJERES. 9 -39','4.00','3.00','3.00',1,'2017-10-19 00:00:00',NULL,NULL,1),
 (52,3,'L.D.H.','U/L   225-450','4.00','3.00','3.00',1,'2017-10-19 00:00:00',NULL,NULL,1),
 (53,3,'AMILASA','U/L     hasta 220','6.00','3.00','3.00',1,'2017-10-19 00:00:00',NULL,NULL,1),
 (54,3,'LIPASA','U/L      hasta 60','6.00','4.00','4.00',1,'2017-10-19 00:00:00',NULL,NULL,1),
 (55,3,'C.P.K','U/L       24-190','8.00','6.00','6.00',1,'2017-10-19 00:00:00',NULL,NULL,1),
 (56,3,'CK-MB','U/L       hasta 25','10.00','8.00','8.00',1,'2017-10-19 00:00:00',NULL,NULL,1),
 (57,3,'TROPONINA I(cTnI)','ηg/MI   hasta 0.60','12.00','10.00','10.00',1,'2017-10-19 00:00:00',NULL,NULL,1),
 (58,4,'PROCALCITONINA','ηg/mL      hasta 0.50','40.00','30.00','30.00',1,'2017-10-19 00:00:00',NULL,NULL,1),
 (59,5,'AGLUTINACIONES FEBRILES','EBERTH     \"O\"                  negativo  ','6.00','4.00','3.00',1,'2017-10-19 00:00:00',NULL,NULL,1),
 (60,5,'A.S.T.O ','UI/L       hasta 200','8.00','6.00','6.00',1,'2017-10-19 00:00:00',NULL,NULL,1),
 (61,5,'P.C.R.','mg/L         hasta 6.0','6.00','4.00','4.00',1,'2017-10-19 00:00:00',NULL,NULL,1),
 (62,5,'F.R.','UI/L           hasta 20.0','6.00','4.00','4.00',1,'2017-10-19 00:00:00',NULL,NULL,1),
 (63,5,'C3','mg/dL          90-180','8.00','6.00','6.00',1,'2017-10-19 00:00:00',NULL,NULL,1),
 (64,5,'C4','mg/dL        10-40','8.00','6.00','6.00',1,'2017-10-19 00:00:00',NULL,NULL,1),
 (65,5,'IgE','UI/mL       hasta 100.0     Win:0-1 años : 0-15  6-9 años : 0-80','10.00','8.00','8.00',1,'2017-10-19 00:00:00',NULL,NULL,1),
 (66,5,'IgA','mg/dL       70-400','10.00','8.00','8.00',1,'2017-10-19 00:00:00',NULL,NULL,1),
 (67,5,'IgG','mg/dL       700-1.600','10.00','8.00','8.00',1,'2017-10-19 00:00:00',NULL,NULL,1),
 (68,5,'IgM','mg/dL       40-230','10.00','8.00','8.00',1,'2017-10-19 00:00:00',NULL,NULL,1),
 (69,5,'A.N.A','index      control positivo: mayor a 1.2    Win7:control negativo: menor a 1,0','15.00','10.00','10.00',1,'2017-10-19 00:00:00',NULL,NULL,1),
 (70,5,'ANA BLOT ( 9 - LINE )',' positivo débil.   positivo moderado.   positivo fuerte.','45.00','40.00','40.00',1,'2017-10-19 00:00:00',NULL,NULL,1),
 (71,5,'Anti-dsDNA','U/mL         hasta 20.0','15.00','10.00','10.00',1,'2017-10-19 00:00:00',NULL,NULL,1),
 (72,5,'Anti-Smith','index      control positivo: mayor a 25     Win 7: línea de corte: 15-25    control negativo: menor 15','20.00','15.00','15.00',1,'2017-10-19 00:00:00',NULL,NULL,1),
 (73,5,'CELULAS L.E','N/A    N/A','6.00','5.00','5.00',1,'2017-10-19 00:00:00',NULL,NULL,1),
 (74,5,'A.N.C.A. (P)','U/mL       hasta 5.0','16.00','13.00','13.00',1,'2017-10-19 00:00:00',NULL,NULL,1),
 (75,5,'Anti-CCP','U/mL           hasta 20.0','30.00','20.00','20.00',1,'2017-10-19 00:00:00',NULL,NULL,1),
 (76,5,'Anti-TG','UI/mL           hasta 125.0','15.00','12.00','12.00',1,'2017-10-19 00:00:00',NULL,NULL,1),
 (77,5,'Anti-TPO','UI/mL          hasta 40.0','18.00','15.00','15.00',1,'2017-10-19 00:00:00',NULL,NULL,1),
 (78,6,'TOXOPLASMA IgG','index         Win 7:(control negativo : menor a 0,90)   (control positivo   : mayor a 1,10)    ','10.00','7.00','6.00',1,'2017-10-19 00:00:00',NULL,NULL,1),
 (79,6,'TOXOPLASMA IgM','index         Win 7:(control negativo : menor a 0,90)   (control positivo   : mayor a 1,10)    ','10.00','7.00','6.00',1,'2017-10-19 00:00:00',NULL,NULL,1),
 (80,6,'RUBEOLA IgG','index         Win 7:(control negativo : menor a 0,90)   (control positivo   : mayor a 1,10)    ','8.00','7.00','6.00',1,'2017-10-19 00:00:00',NULL,NULL,1),
 (81,6,'RUBEOLA IgM','index         Win 7:(control negativo : menor a 0,90)   (control positivo   : mayor a 1,10)          ','8.00','7.00','6.00',1,'2017-10-19 00:00:00',NULL,NULL,1),
 (82,6,'C.M.V IgG','index         Win 7:(control negativo : menor a 0,90)   (control positivo   : mayor a 1,10)    ','8.00','7.00','6.00',1,'2017-10-19 00:00:00',NULL,NULL,1),
 (83,6,'C.M.V IgM','index         Win 7:(control negativo : menor a 0,90)   (control positivo   : mayor a 1,10)    ','8.00','7.00','6.00',1,'2017-10-19 00:00:00',NULL,NULL,1),
 (84,6,'HERPES I IgG','index         Win 7:(control negativo : menor a 0,90)   (control positivo   : mayor a 1,10)    ','8.00','7.00','6.00',1,'2017-10-19 00:00:00',NULL,NULL,1),
 (85,6,'HERPES I IgM','index         Win 7:(control negativo : menor a 0,90)   (control positivo   : mayor a 1,10)    ','8.00','7.00','6.00',1,'2017-10-19 00:00:00',NULL,NULL,1),
 (86,6,'HERPES II IgG','index         Win 7:(control negativo : menor a 0,90)   (control positivo   : mayor a 1,10)    ','8.00','7.00','6.00',1,'2017-10-19 00:00:00',NULL,NULL,1),
 (87,6,'HERPES II IgM','index         Win 7:(control negativo : menor a 0,90)   (control positivo   : mayor a 1,10)    ','8.00','7.00','6.00',1,'2017-10-19 00:00:00',NULL,NULL,1),
 (88,6,'CHLAMYDIA IgG','index         Win 7:(control negativo : menor a 0,90)   (control positivo   : mayor a 1,10)    ','15.00','10.00','10.00',1,'2017-10-19 00:00:00',NULL,NULL,1),
 (89,6,'CHLAMYDIA IgM','index         Win 7:(control negativo : menor a 0,90)   (control positivo   : mayor a 1,10)    ','15.00','10.00','10.00',1,'2017-10-19 00:00:00',NULL,NULL,1),
 (90,6,'EPSTEIN BAAR IgG','index         Win 7:(control negativo : menor a 0,90)   (control positivo   : mayor a 1,10)    ','10.00','8.00','8.00',1,'2017-10-19 00:00:00',NULL,NULL,1),
 (91,6,'EPSTEIN BAAR IgM','index         Win 7:(control negativo : menor a 0,90)   (control positivo   : mayor a 1,10)    ','10.00','8.00','8.00',1,'2017-10-19 00:00:00',NULL,NULL,1),
 (92,6,'DENGUE IgG','N/A         negativo positivo','7.50','5.00','5.00',1,'2017-10-19 00:00:00',NULL,NULL,1),
 (93,6,'DENGUE IgM','N/A         negativo positivo','7.50','5.00','5.00',1,'2017-10-19 00:00:00',NULL,NULL,1),
 (94,6,'HELICOBACTER PYLORI  IgG','U/mL    (v. ref : hasta 20)','10.00','8.00','8.00',1,'2017-10-19 00:00:00',NULL,NULL,1),
 (95,6,'HELICOBACTER PYLORI  IgM','U/mL    (v.ref : hasta 40)','10.00','8.00','8.00',1,'2017-10-19 00:00:00',NULL,NULL,1),
 (96,6,'Anti- H.A.V IgM','index         Win 7:(control negativo : menor a 0,90)   (control positivo   : mayor a 1,10)    ','12.00','10.00','8.00',1,'2017-10-19 00:00:00',NULL,NULL,1),
 (97,6,'Anti- H.A.V TOTAL','index         Win 7:(control negativo : menor a 0,90)   (control positivo   : mayor a 1,10)    ','12.00','10.00','10.00',1,'2017-10-19 00:00:00',NULL,NULL,1),
 (98,6,'HBsAg','N/A            N/A','6.00','5.00','4.00',1,'2017-10-19 00:00:00',NULL,NULL,1),
 (99,6,'HBsAg (ELISA)','index         Win 7:(control negativo : menor a 0,90)   (control positivo   : mayor a 1,10)      ','10.00','8.00','8.00',1,'2017-10-19 00:00:00',NULL,NULL,1),
 (100,6,'HBsAb','N/A     N/A','6.00','5.00','4.00',1,'2017-10-19 00:00:00',NULL,NULL,1),
 (101,6,'HBsAb (ELISA)','index         Win 7:(control negativo : menor a 0,90)   (control positivo   : mayor a 1,10)    ','10.00','8.00','8.00',1,'2017-10-19 00:00:00',NULL,NULL,1),
 (102,6,'HBcAb','N/A     N/A','6.00','5.00','4.00',1,'2017-10-19 00:00:00',NULL,NULL,1),
 (103,6,'HBcAb IgM','N/A    N/A','15.00','12.00','12.00',1,'2017-10-19 00:00:00',NULL,NULL,1),
 (104,6,'HBeAb','N/A    N/A','5.00','5.00','4.00',1,'2017-10-19 00:00:00',NULL,NULL,1),
 (105,6,'HBeAg','N/A    N/A','5.00','5.00','4.00',1,'2017-10-19 00:00:00',NULL,NULL,1),
 (106,6,'Anti H.C.V','N/A    N/A','6.00','5.00','4.00',1,'2017-10-19 00:00:00',NULL,NULL,1),
 (107,6,'Anti-H.I.V.  1 y 2 (cualitativo)','N/A     no reactiva  reactiva','8.00','5.00','4.00',1,'2017-10-19 00:00:00',NULL,NULL,1),
 (108,6,'Anti H.I.V. (ELISA)','index         Win 7:(control negativo : menor a 0,90)   (control positivo   : mayor a 1,10)    ','10.00','8.00','8.00',1,'2017-10-19 00:00:00',NULL,NULL,1),
 (109,6,'V.D.R.L.','N/A     no reactiva   reactiva  1/2 dils.   reactiva 1/8 dils. reactiva 1/16 dils. reactiva 1/32 dils. reactiva 1/64 dils.','5.00','3.00','3.00',1,'2017-10-19 00:00:00',NULL,NULL,1),
 (110,7,'T3','ηg/mL   0.69-2.02','8.00','6.00','6.00',1,'2017-10-19 00:00:00',NULL,NULL,1),
 (111,7,'FT3','ρg/mL   1.40-4.20','8.00','6.00','6.00',1,'2017-10-19 00:00:00',NULL,NULL,1),
 (112,7,'T4','µg/dL   4.40-10.80     Win: mujeres. 4,80 - 11,0','8.00','6.00','6.00',1,'2017-10-19 00:00:00',NULL,NULL,1),
 (113,7,'FT4','ηg/dL  0.80-2.0','8.00','6.00','6.00',1,'2017-10-19 00:00:00',NULL,NULL,1),
 (114,7,'TSH','mUI/L   0.35-4.50   añadir valores de niños','10.00','8.00','8.00',1,'2017-10-19 00:00:00',NULL,NULL,1),
 (115,7,'P.T.H (Hormona paratiroidea)','ρg/mL 15.0 - 65.0','20.00','15.00','15.00',1,'2017-10-19 00:00:00',NULL,NULL,1),
 (116,7,'L.H','mUI/mL      Win 7:fase folicular      1,60 -  7,90    fase ovulatoria  13,20 - 82,70  fase lutea           0,70  -  9,90  menopausia      13,20 - 45,70    HOMBRES: 0,70 - 7,40','8.00','6.00','6.00',1,'2017-10-19 00:00:00',NULL,NULL,1),
 (117,7,'F.S.H','mUI/mL    Win 7: fase folicular     3,30 - 11,30    fase ovulatoria  5,20 - 20,40   fase lutea        1,80 -  8,20   menopausia     48,60 - 143,90 HOMBRES: 1,0 - 14,0','8.00','6.00','6.00',1,'2017-10-19 00:00:00',NULL,NULL,1),
 (118,7,'PROLACTINA','ηg/mL      hasta 20.0   Win 7:HOMBRES: 1,50 - 12,0','12.00','8.00','6.00',1,'2017-10-19 00:00:00',NULL,NULL,1),
 (119,7,'ESTRADIOL','ρg/mL       Win 7:Niños prepuberales:hasta  20 pg/ml    fase folicular       30-120      pico ovulatorio    130-370       fase lutea             70-250      menopausia          15-60','12.00','8.00','8.00',1,'2017-10-19 00:00:00',NULL,NULL,1),
 (120,7,'PROGESTERONA','ηg/mL       Win 7: fase folicular    0,20 -1,40   fase lutea         4,0   - 25,0  menopausia      0,10 - 1,0','12.00','8.00','8.00',1,'2017-10-19 00:00:00',NULL,NULL,1),
 (121,7,'B-H.C.G','UI/L          Win 7: 1ra semana          10-30   2da semana          30-100  3ra semana         100-1.000 4ta semana        1.000-10.000   2do-3er mes       30.000->100.000   2do trimestre    10.000-30.000  3er trimestre      5.000-15.000 HOMBRES/MARCADOR TUMORAL: hasta 5,0','12.00','8.00','8.00',1,'2017-10-19 00:00:00',NULL,NULL,1),
 (122,7,'B-H.C.G (cualitativa) - TEST DE EMBARAZO','N/A          positivo    negativo','5.00','3.00','3.00',1,'2017-10-19 00:00:00',NULL,NULL,1),
 (123,7,'TESTOSTERONA TOTAL','ηg/mL      Win 7:Hombres : 3,0-10,0   Mujeres  : 0,2-1,0   Niños      : 0,1-0,3  Varon adolecente : 0,75-4,0)','10.00','8.00','8.00',1,'2017-10-19 00:00:00',NULL,NULL,1),
 (124,7,'TESTOSTERONA LIBRE','ρg/mL       Win 7:Hombres : 4,0-30,0 Mujeres  : 0,4-7,1','25.00','20.00','20.00',1,'2017-10-19 00:00:00',NULL,NULL,1),
 (125,7,'D.H.E.A.S','µg/mL      Win 7: Niños 1-5 años: menor a 0,3       6-11 años : 0,1-1,5        12-17 años : 0,3-5,5','12.00','10.00','10.00',1,'2017-10-19 00:00:00',NULL,NULL,1),
 (126,7,'CORTISOL A.M.','µg/dL 5.0-25.0      Win 7: menos de 5 dias : 0,6-20,0    2meses-15 años : 2,4-23,0     16-18 años        : 2,4-29,0','10.00','10.00','10.00',1,'2017-10-19 00:00:00',NULL,NULL,1),
 (127,7,'CORTISOL P.M.','µg/dL 3.0-13.0','10.00','10.00','10.00',1,'2017-10-19 00:00:00',NULL,NULL,1),
 (128,7,'INSULINA BASAL','µUI/mL   Win 7: niños < 12 años: menor a 10,0  adultos: 2,0-15,0     diabéticos tipo II: 0,7-25,0','10.00','8.00','8.00',1,'2017-10-19 00:00:00',NULL,NULL,1),
 (129,7,'INSULINA 2H POSTPARNDIAL','µUI/mL   N/A','10.00','8.00','8.00',1,'2017-10-19 00:00:00',NULL,NULL,1),
 (130,7,'INSULINA P.M','µUI/mL    N/A','10.00','8.00','8.00',1,'2017-10-19 00:00:00',NULL,NULL,1),
 (131,7,'PEPTIDO \"C\"','ηg/mL   0.80-4.20','15.00','10.00','10.00',1,'2017-10-19 00:00:00',NULL,NULL,1),
 (132,7,'ÍNDICE HOMA','N/A    ( 2.1 - 2.7)','0.00','0.00','0.00',1,'2017-10-19 00:00:00',NULL,NULL,1),
 (133,7,'HORMONA DE CRECIMIENTO','ηg/Ml   hasta 5.0','12.00','9.00','9.00',1,'2017-10-19 00:00:00',NULL,NULL,1),
 (134,8,'A.F.P.','ηg/mL   hasta 8.5','15.00','10.00','10.00',1,'2017-10-19 00:00:00',NULL,NULL,1),
 (135,8,'C.E.A','ηg/mL        Win 7:menor a  5,0 en no fumadores           menor a 10,0 en fumadores.','15.00','10.00','10.00',1,'2017-10-19 00:00:00',NULL,NULL,1),
 (136,8,'CA 125','UI/mL    hasta 35.0','15.00','12.00','12.00',1,'2017-10-19 00:00:00',NULL,NULL,1),
 (137,8,'CA 15-3','U/mL    hasta 37.0','20.00','15.00','15.00',1,'2017-10-19 00:00:00',NULL,NULL,1),
 (138,8,'CA 19-9','U/mL  hasta 40.0','25.00','15.00','15.00',1,'2017-10-19 00:00:00',NULL,NULL,1),
 (139,8,'P.S.A. LIBRE',' ηg/mL    hasta 1.3     Win 7: Equivale al  00,00 %','10.00','8.00','8.00',1,'2017-10-19 00:00:00',NULL,NULL,1),
 (140,8,'P.S.A. TOTAL',' ηg/mL    hasta 4.0     ','8.00','6.00','6.00',1,'2017-10-19 00:00:00',NULL,NULL,1),
 (141,8,'TIROGLOBULINA',' ηg/mL  10-176','15.00','12.00','12.00',1,'2017-10-19 00:00:00',NULL,NULL,1),
 (142,9,'SODIO','mEq/L  135-150','4.00','3.00','3.00',1,'2017-10-19 00:00:00',NULL,NULL,1),
 (143,9,'POTASIO','mEq/L  3.5-5.0','4.00','3.00','3.00',1,'2017-10-19 00:00:00',NULL,NULL,1),
 (144,9,'CALCIO TOTAL','mg/dL  8.5-10.5','4.00','3.00','3.00',1,'2017-10-19 00:00:00',NULL,NULL,1),
 (145,9,'CALCIO IÓNICO','mg/dL  4.0-5.4','6.00','4.00','4.00',1,'2017-10-19 00:00:00',NULL,NULL,1),
 (146,9,'CLORO','mEq/L   98-106','4.00','3.00','3.00',1,'2017-10-19 00:00:00',NULL,NULL,1),
 (147,9,'FÓSFORO','mg/dL  2.5-4.8       Win 7: Niños : v. ref: 4.0-7,0)','4.00','3.00','3.00',1,'2017-10-19 00:00:00',NULL,NULL,1),
 (148,9,'MAGNESIO','mg/dL  1.9-2.5','4.00','3.00','3.00',1,'2017-10-19 00:00:00',NULL,NULL,1),
 (149,10,'CULTIVO','N/A   N/A','5.00','4.00','4.00',1,'2017-10-19 00:00:00',NULL,NULL,1),
 (150,10,'ANTIBIOGRAMA','N/A    N/A','5.00','4.00','4.00',1,'2017-10-19 00:00:00',NULL,NULL,1),
 (151,10,'HEMOCULTIVO','N/A     N/A','15.00','12.00','12.00',1,'2017-10-19 00:00:00',NULL,NULL,1),
 (152,10,'FRESCO','Cél. Epiteliales        Cél. Epiteliales        ( 8-10)x campo    Leucocitos                ( 1-2 ) x campo  ','5.00','4.00','4.00',1,'2017-10-19 00:00:00',NULL,NULL,1),
 (153,10,'GRAM','N/A    N/A','2.00','1.50','1.50',1,'2017-10-19 00:00:00',NULL,NULL,1),
 (154,10,'INVESTIGACÓN DE HONGON (KOH)','N/A    N/A','4.00','2.00','2.00',1,'2017-10-19 00:00:00',NULL,NULL,1),
 (155,10,'INVESTIGACIÓN DE EOSINᇉLOS','N/A     N/A','3.00','2.00','2.00',1,'2017-10-19 00:00:00',NULL,NULL,1),
 (156,10,'CITOQUÍMICO-BACTEREOLÓGICO','Se observa      eosinófilos cada 100 leucocitos','15.00','12.00','12.00',1,'2017-10-19 00:00:00',NULL,NULL,1),
 (157,10,'CITOQUÍMICO-BACTEREOLÓGICO-CULT. Y ANTB','N/A     N/A','25.00','20.00','20.00',1,'2017-10-19 00:00:00',NULL,NULL,1),
 (158,10,'CHLAMYDIA Ag','N/A      N/A','15.00','10.00','10.00',1,'2017-10-19 00:00:00',NULL,NULL,1),
 (159,10,'B.A.A.R','N/A      N/A','4.00','3.00','3.00',1,'2017-10-19 00:00:00',NULL,NULL,1),
 (160,11,'E.M.O.','MICROSCOPICO : células epiteliales ( 1-2 ) x campo.-leucocitos ( 1-2 ) x campo.- escasas bacterias.','2.00','1.50','2.50',1,'2017-10-19 00:00:00',NULL,NULL,1),
 (161,11,'GRAM DE GOTA FRESCA','N/A   N/A','3.00','1.50','1.50',1,'2017-10-19 00:00:00',NULL,NULL,1),
 (162,11,'PROTEΎAS AL AZAR','mg/dL   N/A','3.00','1.50','1.50',1,'2017-10-19 00:00:00',NULL,NULL,1),
 (163,11,'PROTEΎAS EN 24 HORAS','mg/orina 24h.      N/A','5.00','4.00','3.00',1,'2017-10-19 00:00:00',NULL,NULL,1),
 (164,11,'DEPURACIÓN DE CREATININA','mL/min  VOLUMEN DE 24 HORAS:  ROTEINAS:mg/orina de 24 h.  CREATININA EN SANGRE:mg/dL   CREATININA EN ORINA:mg/dL DEPURACION DE CREATININA:mL/min.','10.00','5.00','5.00',1,'2017-10-19 00:00:00',NULL,NULL,1),
 (165,11,'SODIO','mEq/L    N/A','5.00','4.00','3.00',1,'2017-10-19 00:00:00',NULL,NULL,1),
 (166,11,'POTASIO','mEq/L   N/A','5.00','4.00','3.00',1,'2017-10-19 00:00:00',NULL,NULL,1),
 (167,11,'CALCIO','mg/dL    N/A','5.00','3.00','3.00',1,'2017-10-19 00:00:00',NULL,NULL,1),
 (168,11,'CLORO','mEq/L     N/A','5.00','4.00','4.00',1,'2017-10-19 00:00:00',NULL,NULL,1),
 (169,11,'B.A.A.R','N/A     N/A','4.00','3.00','3.00',1,'2017-10-19 00:00:00',NULL,NULL,1),
 (170,11,'TEST DE EMBARAZO','N/A    N/A','5.00','4.00','3.00',1,'2017-10-19 00:00:00',NULL,NULL,1),
 (171,12,'COPROLÓGICO- COPROPARASITARIO','COLOR        p      CONSISTENCIA      blanda      MOCO                0    ALMIDONES   (+)     GRASAS       0      PIOCITOS            0      HEMATIES    0       HONGOS                  0           PARASITOS : escasos quistes de ameba histolytica.','3.00','2.00','1.50',1,'2017-10-19 00:00:00',NULL,NULL,1),
 (172,12,'POLIMORFONUCLEARES','N/A    N/A','2.00','1.50','1.50',1,'2017-10-19 00:00:00',NULL,NULL,1),
 (173,12,'COPROPARASITARIO POR CONCENTRACIÓN','COLOR      p   CONSISTENCIA   blanda   MOCO   0    ALMIDONES   (+)   GRASAS    0   PIOCITOS    0','3.00','2.00','1.50',1,'2017-10-19 00:00:00',NULL,NULL,1),
 (174,12,'COPROPARASITARIO SERIADO ','COLOR        pardo    CONSISTENCIA          blanda      MOCO      0   GRASAS    0    ALMIDONES   (+)','8.00','6.00','6.00',1,'2017-10-19 00:00:00',NULL,NULL,1),
 (175,12,'ROTAVIRUS','N/A     N/A','8.00','6.00','6.00',1,'2017-10-19 00:00:00',NULL,NULL,1),
 (176,12,'ADENOVIRUS','N/A    N/A','8.00','4.00','4.00',1,'2017-10-19 00:00:00',NULL,NULL,1),
 (177,12,'SUBSTANCIAS REDUCTORAS','N/A    N/A','5.00','3.00','3.00',1,'2017-10-19 00:00:00',NULL,NULL,1),
 (178,12,'GIARDIA LAMBLIA Ag.','N/A     N/A','15.00','12.00','12.00',1,'2017-10-19 00:00:00',NULL,NULL,1),
 (179,12,'HELICOBACTER PILORY Ag.','N/A    N/A','15.00','12.00','12.00',1,'2017-10-19 00:00:00',NULL,NULL,1),
 (180,12,'SANGRE OCULTA','N/A    N/A','5.00','4.00','4.00',1,'2017-10-19 00:00:00',NULL,NULL,1);
/*!40000 ALTER TABLE `examens` ENABLE KEYS */;


--
-- Definition of table `migrations`
--

DROP TABLE IF EXISTS `migrations`;
CREATE TABLE `migrations` (
  `id` int(10) unsigned NOT NULL AUTO_INCREMENT,
  `migration` varchar(255) COLLATE utf8mb4_unicode_ci NOT NULL,
  `batch` int(11) NOT NULL,
  PRIMARY KEY (`id`)
) ENGINE=InnoDB AUTO_INCREMENT=143 DEFAULT CHARSET=utf8mb4 COLLATE=utf8mb4_unicode_ci;

--
-- Dumping data for table `migrations`
--

/*!40000 ALTER TABLE `migrations` DISABLE KEYS */;
INSERT INTO `migrations` (`id`,`migration`,`batch`) VALUES 
 (126,'2014_10_11_163655_create_tipousuarios_table',1),
 (127,'2014_10_12_000000_create_users_table',1),
 (128,'2014_10_12_100000_create_password_resets_table',1),
 (129,'2017_07_28_163755_create_tipoexamens_table',1),
 (130,'2017_07_28_163812_create_tipopacientes_table',1),
 (131,'2017_07_28_163941_create_muestras_table',1),
 (132,'2017_07_28_164030_create_examens_table',1),
 (133,'2017_08_01_052430_create_pacientes_table',1),
 (134,'2017_08_04_055053_create_orden_table',1),
 (135,'2017_08_04_055154_create_detalleorden_table',1),
 (136,'2017_08_04_055226_create_resultado_table',1),
 (137,'2017_08_23_043651_update_examen',1),
 (138,'2017_08_23_045003_create_examen_muestra',1),
 (139,'2017_08_23_045406_create_cliente',1),
 (140,'2017_08_23_050542_update_paciente',1),
 (141,'2017_08_23_051042_update_orden',1),
 (142,'2017_08_25_050456_update_pacientes',2);
/*!40000 ALTER TABLE `migrations` ENABLE KEYS */;


--
-- Definition of table `muestras`
--

DROP TABLE IF EXISTS `muestras`;
CREATE TABLE `muestras` (
  `id` int(10) unsigned NOT NULL AUTO_INCREMENT,
  `nombre` varchar(128) COLLATE utf8mb4_unicode_ci NOT NULL,
  `descripcion` varchar(512) COLLATE utf8mb4_unicode_ci NOT NULL,
  `estado` tinyint(4) NOT NULL,
  `created_at` timestamp NULL DEFAULT NULL,
  `updated_at` timestamp NULL DEFAULT NULL,
  `deleted_at` timestamp NULL DEFAULT NULL,
  PRIMARY KEY (`id`)
) ENGINE=InnoDB AUTO_INCREMENT=190 DEFAULT CHARSET=utf8mb4 COLLATE=utf8mb4_unicode_ci;

--
-- Dumping data for table `muestras`
--

/*!40000 ALTER TABLE `muestras` DISABLE KEYS */;
INSERT INTO `muestras` (`id`,`nombre`,`descripcion`,`estado`,`created_at`,`updated_at`,`deleted_at`) VALUES 
 (1,'SANGRE EDTA.','SANGRE EDTA.',1,'0000-00-00 00:00:00','0000-00-00 00:00:00',NULL),
 (2,'SANGRE CAPILAR','SANGRE CAPILAR',1,'0000-00-00 00:00:00','0000-00-00 00:00:00',NULL),
 (3,'SUERO','SUERO',1,'0000-00-00 00:00:00','0000-00-00 00:00:00',NULL),
 (4,'PLASMA CITRATADO','PLASMA CITRATADO',1,'0000-00-00 00:00:00','0000-00-00 00:00:00',NULL),
 (5,'ORINA','ORINA',1,'0000-00-00 00:00:00','0000-00-00 00:00:00',NULL),
 (6,'ORINA 24 HORAS','ORINA 24 HORAS',1,'0000-00-00 00:00:00','0000-00-00 00:00:00',NULL),
 (7,'HECES','HECES',1,'0000-00-00 00:00:00','0000-00-00 00:00:00',NULL),
 (8,'ACETILCOLINESTERASA   ','ACETILCOLINESTERASA   ',1,NULL,NULL,NULL),
 (9,'ACIDO VALPROICO ','ACIDO VALPROICO ',1,NULL,NULL,NULL),
 (10,'AGLUTINACIONES','AGLUTINACIONES',1,NULL,NULL,NULL),
 (11,'A.N.A   (EIA) ','A.N.A   (EIA) ',1,NULL,NULL,NULL),
 (12,'Anti-ds-DNA  (EIA) ','Anti-ds-DNA  (EIA) ',1,NULL,NULL,NULL),
 (13,'Anti-ss-DNA ','Anti-ss-DNA ',1,NULL,NULL,NULL),
 (14,'A.N.C.A. C  ( PR3) ','A.N.C.A. C  ( PR3) ',1,NULL,NULL,NULL),
 (15,'A.N.C.A. P  ( MPO)','A.N.C.A. P  ( MPO)',1,NULL,NULL,NULL),
 (16,'Anti C.C.P  (EIA)','Anti C.C.P  (EIA)',1,NULL,NULL,NULL),
 (17,'Anti- Sm','Anti- Sm',1,NULL,NULL,NULL),
 (18,'ANABLOT','ANABLOT',1,NULL,NULL,NULL),
 (19,'Anti-TPO   ','Anti-TPO   ',1,NULL,NULL,NULL),
 (20,'Anti-TG        ','Anti-TG        ',1,NULL,NULL,NULL),
 (21,'PARATOHORMONA ','PARATOHORMONA ',1,NULL,NULL,NULL),
 (22,'APOLIP.  \"A\" ','APOLIP.  \"A\" ',1,NULL,NULL,NULL),
 (23,'APOLIP.  \"B\"','APOLIP.  \"B\"',1,NULL,NULL,NULL),
 (24,'C3   ','C3   ',1,NULL,NULL,NULL),
 (25,'C4 ','C4 ',1,NULL,NULL,NULL),
 (26,'Beta- 2-Microglobulina','Beta- 2-Microglobulina',1,NULL,NULL,NULL),
 (27,'CARBAMAZEPINA','CARBAMAZEPINA',1,NULL,NULL,NULL),
 (28,'Anti- CCP','Anti- CCP',1,NULL,NULL,NULL),
 (29,'T.G.O. ','T.G.O. ',1,NULL,NULL,NULL),
 (30,'L.D.H. ','L.D.H. ',1,NULL,NULL,NULL),
 (31,'C.P.K.   ','C.P.K.   ',1,NULL,NULL,NULL),
 (32,'CK-MB','CK-MB',1,NULL,NULL,NULL),
 (33,'TROPONINA (cTnI)','TROPONINA (cTnI)',1,NULL,NULL,NULL),
 (34,'ALDOLASA   ','ALDOLASA   ',1,NULL,NULL,NULL),
 (35,'CORTISOL  AM','CORTISOL  AM',1,NULL,NULL,NULL),
 (36,'CORTISOL  PM','CORTISOL  PM',1,NULL,NULL,NULL),
 (37,'H. PARATIROIDEA ','H. PARATIROIDEA ',1,NULL,NULL,NULL),
 (38,'SODIO ','SODIO ',1,NULL,NULL,NULL),
 (39,'POTASIO','POTASIO',1,NULL,NULL,NULL),
 (40,'CLORO     ','CLORO     ',1,NULL,NULL,NULL),
 (41,'CALCIO TOTAL','CALCIO TOTAL',1,NULL,NULL,NULL),
 (42,'CALCIO IONICO','CALCIO IONICO',1,NULL,NULL,NULL),
 (43,'FOSFORO ','FOSFORO ',1,NULL,NULL,NULL),
 (44,'MAGNESIO ','MAGNESIO ',1,NULL,NULL,NULL),
 (45,'AMONIO   ','AMONIO   ',1,NULL,NULL,NULL),
 (46,'DIFENILHIDANTOINA','DIFENILHIDANTOINA',1,NULL,NULL,NULL),
 (47,'FOSF. ACIDA TOTAL','FOSF. ACIDA TOTAL',1,NULL,NULL,NULL),
 (48,'FOSF. ACIDA PROST','FOSF. ACIDA PROST',1,NULL,NULL,NULL),
 (49,'HIERRO SERICO','HIERRO SERICO',1,NULL,NULL,NULL),
 (50,'TRANSFERRINA ','TRANSFERRINA ',1,NULL,NULL,NULL),
 (51,'FERRITINA ','FERRITINA ',1,NULL,NULL,NULL),
 (52,'ACIDO FOLICO  ','ACIDO FOLICO  ',1,NULL,NULL,NULL),
 (53,'VITAMINA B12 ','VITAMINA B12 ',1,NULL,NULL,NULL),
 (54,'ERITROPOYETINA','ERITROPOYETINA',1,NULL,NULL,NULL),
 (55,'H. CRECIMIENTO','H. CRECIMIENTO',1,NULL,NULL,NULL),
 (56,'TESTOSTERONA','TESTOSTERONA',1,NULL,NULL,NULL),
 (57,'S.H.GB.','S.H.GB.',1,NULL,NULL,NULL),
 (58,'DHEAS  ','DHEAS  ',1,NULL,NULL,NULL),
 (59,'A.C.T. H.    ','A.C.T. H.    ',1,NULL,NULL,NULL),
 (60,'HbA1c   ','HbA1c   ',1,NULL,NULL,NULL),
 (61,'BETA - H.C.G    ','BETA - H.C.G    ',1,NULL,NULL,NULL),
 (62,'BIL. TOTAL ','BIL. TOTAL ',1,NULL,NULL,NULL),
 (63,'BIL. DIRECTA ','BIL. DIRECTA ',1,NULL,NULL,NULL),
 (64,'BIL. INDIRECTA ','BIL. INDIRECTA ',1,NULL,NULL,NULL),
 (65,'T.G.O  ','T.G.O  ',1,NULL,NULL,NULL),
 (66,'T.G.P.      ','T.G.P.      ',1,NULL,NULL,NULL),
 (67,'FOSF. ALCALINA ','FOSF. ALCALINA ',1,NULL,NULL,NULL),
 (68,'G.G.T.    ','G.G.T.    ',1,NULL,NULL,NULL),
 (69,'L.D.H.    ','L.D.H.    ',1,NULL,NULL,NULL),
 (70,'AMILASA ','AMILASA ',1,NULL,NULL,NULL),
 (71,'LIPASA   ','LIPASA   ',1,NULL,NULL,NULL),
 (72,'PROTEIN TOTALES ','PROTEIN TOTALES ',1,NULL,NULL,NULL),
 (73,'ALBUMINA ','ALBUMINA ',1,NULL,NULL,NULL),
 (74,'GLOBULINAS ','GLOBULINAS ',1,NULL,NULL,NULL),
 (75,'HAV  TOTAL','HAV  TOTAL',1,NULL,NULL,NULL),
 (76,'HAV  IgM  ','HAV  IgM  ',1,NULL,NULL,NULL),
 (77,'HBsAg','HBsAg',1,NULL,NULL,NULL),
 (78,'HBsAb','HBsAb',1,NULL,NULL,NULL),
 (79,'HBeAg','HBeAg',1,NULL,NULL,NULL),
 (80,'HBeAb','HBeAb',1,NULL,NULL,NULL),
 (81,'HBcAb','HBcAb',1,NULL,NULL,NULL),
 (82,'Anti H.C.V','Anti H.C.V',1,NULL,NULL,NULL),
 (83,'Anti H.I.V. 1 y 2','Anti H.I.V. 1 y 2',1,NULL,NULL,NULL),
 (84,'HBc IgM ','HBc IgM ',1,NULL,NULL,NULL),
 (85,'HERPES I   IgG   ','HERPES I   IgG   ',1,NULL,NULL,NULL),
 (86,'HERPES I   IgM   ','HERPES I   IgM   ',1,NULL,NULL,NULL),
 (87,'HERPES II  IgG     ','HERPES II  IgG     ',1,NULL,NULL,NULL),
 (88,'HERPES II  IgM ','HERPES II  IgM ',1,NULL,NULL,NULL),
 (89,'H. PYLORI  IgG ','H. PYLORI  IgG ',1,NULL,NULL,NULL),
 (90,'H. PYLORI  IgM','H. PYLORI  IgM',1,NULL,NULL,NULL),
 (91,'H. PYLORI  Ag   ','H. PYLORI  Ag   ',1,NULL,NULL,NULL),
 (92,'IgE  SERICA  ','IgE  SERICA  ',1,NULL,NULL,NULL),
 (93,'IGF-1','IGF-1',1,NULL,NULL,NULL),
 (94,'IgG','IgG',1,NULL,NULL,NULL),
 (95,'IgM','IgM',1,NULL,NULL,NULL),
 (96,'IgA','IgA',1,NULL,NULL,NULL),
 (97,'INSULINA  ','INSULINA  ',1,NULL,NULL,NULL),
 (98,'PEPTIDO-C   ','PEPTIDO-C   ',1,NULL,NULL,NULL),
 (99,'INDICE HOMA ','INDICE HOMA ',1,NULL,NULL,NULL),
 (100,'L.H.  ','L.H.  ',1,NULL,NULL,NULL),
 (101,'F.S.H.    ','F.S.H.    ',1,NULL,NULL,NULL),
 (102,'C.E.A    ','C.E.A    ',1,NULL,NULL,NULL),
 (103,'CA 19-9  ','CA 19-9  ',1,NULL,NULL,NULL),
 (104,'TIROGLOBULINA ','TIROGLOBULINA ',1,NULL,NULL,NULL),
 (105,'CA-125','CA-125',1,NULL,NULL,NULL),
 (106,'CA 15-3    ','CA 15-3    ',1,NULL,NULL,NULL),
 (107,'A.F.P.   ','A.F.P.   ',1,NULL,NULL,NULL),
 (108,'CA 72-4    ','CA 72-4    ',1,NULL,NULL,NULL),
 (109,'BETA-H.C.G     ','BETA-H.C.G     ',1,NULL,NULL,NULL),
 (110,'MICROALBUMINURIA','MICROALBUMINURIA',1,NULL,NULL,NULL),
 (111,'PROLACTINA   ','PROLACTINA   ',1,NULL,NULL,NULL),
 (112,'PROGESTERONA ','PROGESTERONA ',1,NULL,NULL,NULL),
 (113,'ESTRADIOL','ESTRADIOL',1,NULL,NULL,NULL),
 (114,'PROCALCITONINA','PROCALCITONINA',1,NULL,NULL,NULL),
 (115,'P.S.A  TOTAL  ','P.S.A  TOTAL  ',1,NULL,NULL,NULL),
 (116,'P.S.A  LIBRE  ','P.S.A  LIBRE  ',1,NULL,NULL,NULL),
 (117,'P.T.H. ','P.T.H. ',1,NULL,NULL,NULL),
 (118,'TOXOPLASMA IgG','TOXOPLASMA IgG',1,NULL,NULL,NULL),
 (119,'TOXOPLASMA IgM','TOXOPLASMA IgM',1,NULL,NULL,NULL),
 (120,'RUBEOLA IgG','RUBEOLA IgG',1,NULL,NULL,NULL),
 (121,'RUBEOLA IgM ','RUBEOLA IgM ',1,NULL,NULL,NULL),
 (122,'C.M.V.  IgG    ','C.M.V.  IgG    ',1,NULL,NULL,NULL),
 (123,'C.M.V.  IgM   ','C.M.V.  IgM   ',1,NULL,NULL,NULL),
 (124,'EPSTEIN BARR IgM ','EPSTEIN BARR IgM ',1,NULL,NULL,NULL),
 (125,'CLAMYDIA   IgG','CLAMYDIA   IgG',1,NULL,NULL,NULL),
 (126,'CLAMYDIA IgM','CLAMYDIA IgM',1,NULL,NULL,NULL),
 (127,'A.S.T.O   ','A.S.T.O   ',1,NULL,NULL,NULL),
 (128,'P.C.R.  ','P.C.R.  ',1,NULL,NULL,NULL),
 (129,'HS- P.C.R.  ','HS- P.C.R.  ',1,NULL,NULL,NULL),
 (130,'F.R. (LATEX)  ','F.R. (LATEX)  ',1,NULL,NULL,NULL),
 (131,'H.C.G. ','H.C.G. ',1,NULL,NULL,NULL),
 (132,'FT3    ','FT3    ',1,NULL,NULL,NULL),
 (133,'T4 ','T4 ',1,NULL,NULL,NULL),
 (134,'T3 ','T3 ',1,NULL,NULL,NULL),
 (135,'FT4  ','FT4  ',1,NULL,NULL,NULL),
 (136,'T.S.H ','T.S.H ',1,NULL,NULL,NULL),
 (137,'V.D.R.L   ','V.D.R.L   ',1,NULL,NULL,NULL),
 (138,'Anti H.I.V. 1 y 2','Anti H.I.V. 1 y 2',1,NULL,NULL,NULL),
 (139,'VITAMINA D 25 - HIDROXI ','VITAMINA D 25 - HIDROXI ',1,NULL,NULL,NULL),
 (140,'17- HIDROXI - PROGESTERONA','17- HIDROXI - PROGESTERONA',1,NULL,NULL,NULL),
 (141,'GLUCOSA    ','GLUCOSA    ',1,NULL,NULL,NULL),
 (142,'CREATININA   ','CREATININA   ',1,NULL,NULL,NULL),
 (143,'UREA      ','UREA      ',1,NULL,NULL,NULL),
 (144,'COLESTEROL TOTAL ','COLESTEROL TOTAL ',1,NULL,NULL,NULL),
 (145,'COLESTEROL  HDL ','COLESTEROL  HDL ',1,NULL,NULL,NULL),
 (146,'COLESTEROL  LDL   ','COLESTEROL  LDL   ',1,NULL,NULL,NULL),
 (147,'TRIGLICERIDOS    ','TRIGLICERIDOS    ',1,NULL,NULL,NULL),
 (148,'LIPIDOS TOTALES  ','LIPIDOS TOTALES  ',1,NULL,NULL,NULL),
 (149,'ACD. URICO ','ACD. URICO ',1,NULL,NULL,NULL),
 (150,'T.P.        ','T.P.        ',1,NULL,NULL,NULL),
 (151,'T.T.P. ','T.T.P. ',1,NULL,NULL,NULL),
 (152,'DIMERO-D','DIMERO-D',1,NULL,NULL,NULL),
 (153,'T. COAGULACION','T. COAGULACION',1,NULL,NULL,NULL),
 (154,'T. HEMORRAGIA','T. HEMORRAGIA',1,NULL,NULL,NULL),
 (155,'FIBRINOGENO','FIBRINOGENO',1,NULL,NULL,NULL),
 (156,'HEMAT?ES','HEMAT?ES',1,NULL,NULL,NULL),
 (157,'HEMOGLOBINA','HEMOGLOBINA',1,NULL,NULL,NULL),
 (158,'HEMATOCRITO','HEMATOCRITO',1,NULL,NULL,NULL),
 (159,'CMHC','CMHC',1,NULL,NULL,NULL),
 (160,'VCM','VCM',1,NULL,NULL,NULL),
 (161,'HCM','HCM',1,NULL,NULL,NULL),
 (162,'LEUCOCITOS','LEUCOCITOS',1,NULL,NULL,NULL),
 (163,'FORMULA LEUCOCITARIA','FORMULA LEUCOCITARIA',1,NULL,NULL,NULL),
 (164,'CAYADOS','CAYADOS',1,NULL,NULL,NULL),
 (165,'SEGMENTADOS','SEGMENTADOS',1,NULL,NULL,NULL),
 (166,'EOSINÓFILOS','EOSINÓFILOS',1,NULL,NULL,NULL),
 (167,'BASÍFILOS','BASÍFILOS',1,NULL,NULL,NULL),
 (168,'MONOCITOS','MONOCITOS',1,NULL,NULL,NULL),
 (169,'LINFOCITOS','LINFOCITOS',1,NULL,NULL,NULL),
 (170,'PLAQUETAS','PLAQUETAS',1,NULL,NULL,NULL),
 (171,'RETICULOCITOS','RETICULOCITOS',1,NULL,NULL,NULL),
 (172,'FROTIS DE SANGRE PERIFÉRICA','FROTIS DE SANGRE PERIF?RICA',1,NULL,NULL,NULL),
 (173,'EMO','EMO',1,NULL,NULL,NULL),
 (174,'FRESCO','FRESCO',1,NULL,NULL,NULL),
 (175,'KOH','KOH',1,NULL,NULL,NULL),
 (176,'COPROPARASITARIO','COPROPARASITARIO',1,NULL,NULL,NULL),
 (177,'SANGRE OCULTA','SANGRE OCULTA',1,NULL,NULL,NULL),
 (178,'GRUPO SANGUINEO   ','GRUPO SANGUINEO   ',1,NULL,NULL,NULL),
 (179,'POLIMORFONUCLEARES ','POLIMORFONUCLEARES ',1,NULL,NULL,NULL),
 (180,'AZUCARES REDUCTORES ','AZUCARES REDUCTORES ',1,NULL,NULL,NULL),
 (181,'ROTAVIRUS ','ROTAVIRUS ',1,NULL,NULL,NULL),
 (182,'ADENOVIRUS','ADENOVIRUS',1,NULL,NULL,NULL),
 (183,'GLICEMIA 2 H. POST-INGES-    ','GLICEMIA 2 H. POST-INGES-    ',1,NULL,NULL,NULL),
 (184,'TA DE 75 gr de GLUCOSA','TA DE 75 gr de GLUCOSA',1,NULL,NULL,NULL),
 (185,'VOLUMEN DE 24 HORAS','VOLUMEN DE 24 HORAS',1,NULL,NULL,NULL),
 (186,'PROTEINAS  DE 24 HORAS','PROTEINAS  DE 24 HORAS',1,NULL,NULL,NULL),
 (187,'CREATININA EN SANGRE ','CREATININA EN SANGRE ',1,NULL,NULL,NULL),
 (188,'CREATININA EN ORINA   ','CREATININA EN ORINA   ',1,NULL,NULL,NULL),
 (189,'DEPURACION DE CREATININA','DEPURACION DE CREATININA',1,NULL,NULL,NULL);
/*!40000 ALTER TABLE `muestras` ENABLE KEYS */;


--
-- Definition of table `orden`
--

DROP TABLE IF EXISTS `orden`;
CREATE TABLE `orden` (
  `id` int(10) unsigned NOT NULL AUTO_INCREMENT,
  `pacientes_id` int(10) unsigned NOT NULL,
  `user_id` int(11) NOT NULL,
  `fecha_emision` date NOT NULL,
  `fecha_entrega` datetime NOT NULL,
  `abono` decimal(5,2) NOT NULL,
  `tipo_pago` tinyint(4) NOT NULL,
  `iva` decimal(5,2) NOT NULL,
  `subtotal` decimal(5,2) NOT NULL,
  `total` decimal(5,2) NOT NULL,
  `estado` tinyint(4) NOT NULL,
  `created_at` timestamp NULL DEFAULT NULL,
  `updated_at` timestamp NULL DEFAULT NULL,
  `deleted_at` timestamp NULL DEFAULT NULL,
  `cliente_id` int(11) NOT NULL,
  `descuento` varchar(45) COLLATE utf8mb4_unicode_ci NOT NULL,
  `nombre_medico` varchar(1024) COLLATE utf8mb4_unicode_ci NOT NULL,
  `usuario_atiende` int(11) NOT NULL DEFAULT '0',
  `atendido` int(11) NOT NULL DEFAULT '0',
  `plantilla` longtext COLLATE utf8mb4_unicode_ci,
  `tipopaciente_id` int(11) NOT NULL,
  `is_relacional` int(11) NOT NULL DEFAULT '0',
  PRIMARY KEY (`id`),
  KEY `orden_pacientes_id_foreign_idx` (`pacientes_id`),
  CONSTRAINT `orden_pacientes_id_foreign` FOREIGN KEY (`pacientes_id`) REFERENCES `pacientes` (`id`)
) ENGINE=InnoDB AUTO_INCREMENT=17 DEFAULT CHARSET=utf8mb4 COLLATE=utf8mb4_unicode_ci;

--
-- Dumping data for table `orden`
--

/*!40000 ALTER TABLE `orden` DISABLE KEYS */;
INSERT INTO `orden` (`id`,`pacientes_id`,`user_id`,`fecha_emision`,`fecha_entrega`,`abono`,`tipo_pago`,`iva`,`subtotal`,`total`,`estado`,`created_at`,`updated_at`,`deleted_at`,`cliente_id`,`descuento`,`nombre_medico`,`usuario_atiende`,`atendido`,`plantilla`,`tipopaciente_id`,`is_relacional`) VALUES 
 (14,2,1,'2017-10-11','2017-10-10 21:04:00','0.00',1,'0.00','10.50','10.50',1,'2017-10-11 02:06:14','2017-10-14 21:15:53',NULL,0,'0','PP',1,1,'<p>MUESTRA:&nbsp; &nbsp; &nbsp; &nbsp; &nbsp; SANGRE EDTA.</p>\r\n\r\n<p>HEMOGLOBINA&nbsp;&nbsp;&nbsp;&nbsp;&nbsp;&nbsp;&nbsp;&nbsp;&nbsp;&nbsp;&nbsp;&nbsp;&nbsp;&nbsp;&nbsp;&nbsp;&nbsp;&nbsp;&nbsp;&nbsp;&nbsp;&nbsp;&nbsp;&nbsp;&nbsp;&nbsp;&nbsp;&nbsp;&nbsp;&nbsp;&nbsp;&nbsp;&nbsp;&nbsp;&nbsp;&nbsp; N/A&nbsp;&nbsp;&nbsp;&nbsp;&nbsp;&nbsp;&nbsp;&nbsp;&nbsp;&nbsp;&nbsp;&nbsp;&nbsp;&nbsp;&nbsp;&nbsp;&nbsp;&nbsp;&nbsp;&nbsp;&nbsp;&nbsp;&nbsp;&nbsp;&nbsp; N/A</p>\r\n\r\n<p>MUESTRA:&nbsp; &nbsp; &nbsp; &nbsp; &nbsp; SUERO</p>\r\n\r\n<p>APOLIPOPORTE&Iacute;NAS &quot;A&quot;&nbsp;&nbsp;&nbsp;&nbsp;&nbsp;&nbsp;&nbsp;&nbsp;&nbsp;&nbsp;&nbsp;&nbsp;&nbsp;&nbsp;&nbsp;&nbsp;&nbsp;&nbsp;&nbsp;&nbsp;&nbsp;&nbsp;&nbsp;&nbsp;&nbsp;&nbsp;&nbsp;&nbsp;&nbsp;&nbsp;&nbsp;&nbsp;&nbsp; mg/dL&nbsp;&nbsp;&nbsp;&nbsp;&nbsp;&nbsp;&nbsp;&nbsp;&nbsp;&nbsp;&nbsp;&nbsp;&nbsp;&nbsp;&nbsp;&nbsp;&nbsp;&nbsp;&nbsp;&nbsp;&nbsp;&nbsp;&nbsp;&nbsp;&nbsp;&nbsp;&nbsp;&nbsp; 122-161</p>',1,0),
 (15,2,1,'2017-10-11','2017-10-10 22:48:00','0.00',1,'0.00','2.50','2.50',1,'2017-10-11 03:49:21',NULL,NULL,0,'0','rr',0,0,NULL,1,1),
 (16,2,1,'2017-10-11','2017-10-10 22:53:00','0.00',1,'0.00','0.00','0.00',1,'2017-10-11 03:53:56',NULL,NULL,0,'0','ll',0,0,NULL,1,1);
/*!40000 ALTER TABLE `orden` ENABLE KEYS */;


--
-- Definition of table `pacientes`
--

DROP TABLE IF EXISTS `pacientes`;
CREATE TABLE `pacientes` (
  `id` int(10) unsigned NOT NULL AUTO_INCREMENT,
  `tipopacientes_id` int(10) unsigned NOT NULL,
  `cedula` varchar(13) COLLATE utf8mb4_unicode_ci DEFAULT NULL,
  `nombres` varchar(128) COLLATE utf8mb4_unicode_ci NOT NULL,
  `apellidos` varchar(128) COLLATE utf8mb4_unicode_ci DEFAULT NULL,
  `celular` varchar(10) COLLATE utf8mb4_unicode_ci DEFAULT NULL,
  `direccion` varchar(512) COLLATE utf8mb4_unicode_ci DEFAULT NULL,
  `telefono` varchar(10) COLLATE utf8mb4_unicode_ci DEFAULT NULL,
  `genero` varchar(3) COLLATE utf8mb4_unicode_ci NOT NULL,
  `enfermedades` varchar(1024) COLLATE utf8mb4_unicode_ci DEFAULT NULL,
  `estado` tinyint(4) NOT NULL,
  `created_at` timestamp NULL DEFAULT NULL,
  `updated_at` timestamp NULL DEFAULT NULL,
  `deleted_at` timestamp NULL DEFAULT NULL,
  `edad` int(11) NOT NULL,
  PRIMARY KEY (`id`),
  KEY `pacientes_tipopacientes_id_foreign` (`tipopacientes_id`),
  CONSTRAINT `pacientes_tipopacientes_id_foreign` FOREIGN KEY (`tipopacientes_id`) REFERENCES `tipopacientes` (`id`)
) ENGINE=InnoDB AUTO_INCREMENT=3 DEFAULT CHARSET=utf8mb4 COLLATE=utf8mb4_unicode_ci;

--
-- Dumping data for table `pacientes`
--

/*!40000 ALTER TABLE `pacientes` DISABLE KEYS */;
INSERT INTO `pacientes` (`id`,`tipopacientes_id`,`cedula`,`nombres`,`apellidos`,`celular`,`direccion`,`telefono`,`genero`,`enfermedades`,`estado`,`created_at`,`updated_at`,`deleted_at`,`edad`) VALUES 
 (1,1,NULL,'Fabian','Villa','0984816234','Calle 1','032943455','Mas','ninguno',1,'2017-08-25 05:41:40','2017-09-26 05:53:34',NULL,35),
 (2,1,'0600324001','Pedro','Valle','0292929922','Los Pinos','039292929','Mas','sd',1,'2017-10-07 00:46:06','2017-10-07 00:46:06',NULL,27);
/*!40000 ALTER TABLE `pacientes` ENABLE KEYS */;


--
-- Definition of table `password_resets`
--

DROP TABLE IF EXISTS `password_resets`;
CREATE TABLE `password_resets` (
  `email` varchar(255) COLLATE utf8mb4_unicode_ci NOT NULL,
  `token` varchar(255) COLLATE utf8mb4_unicode_ci NOT NULL,
  `created_at` timestamp NULL DEFAULT NULL,
  KEY `password_resets_email_index` (`email`(191))
) ENGINE=InnoDB DEFAULT CHARSET=utf8mb4 COLLATE=utf8mb4_unicode_ci;

--
-- Dumping data for table `password_resets`
--

/*!40000 ALTER TABLE `password_resets` DISABLE KEYS */;
/*!40000 ALTER TABLE `password_resets` ENABLE KEYS */;


--
-- Definition of table `resultado`
--

DROP TABLE IF EXISTS `resultado`;
CREATE TABLE `resultado` (
  `id` int(10) unsigned NOT NULL AUTO_INCREMENT,
  `detalleorden_id` int(10) unsigned NOT NULL,
  `plantilla` text COLLATE utf8mb4_unicode_ci NOT NULL,
  `orden` tinyint(4) NOT NULL DEFAULT '0',
  `created_at` timestamp NULL DEFAULT NULL,
  `updated_at` timestamp NULL DEFAULT NULL,
  PRIMARY KEY (`id`),
  KEY `resultado_detalleorden_id_foreign` (`detalleorden_id`),
  CONSTRAINT `resultado_detalleorden_id_foreign` FOREIGN KEY (`detalleorden_id`) REFERENCES `detalleorden` (`id`)
) ENGINE=InnoDB DEFAULT CHARSET=utf8mb4 COLLATE=utf8mb4_unicode_ci;

--
-- Dumping data for table `resultado`
--

/*!40000 ALTER TABLE `resultado` DISABLE KEYS */;
/*!40000 ALTER TABLE `resultado` ENABLE KEYS */;


--
-- Definition of table `tipoexamens`
--

DROP TABLE IF EXISTS `tipoexamens`;
CREATE TABLE `tipoexamens` (
  `id` int(10) unsigned NOT NULL AUTO_INCREMENT,
  `nombre` varchar(128) COLLATE utf8mb4_unicode_ci NOT NULL,
  `estado` tinyint(4) NOT NULL,
  `created_at` timestamp NULL DEFAULT NULL,
  `updated_at` timestamp NULL DEFAULT NULL,
  `deleted_at` timestamp NULL DEFAULT NULL,
  PRIMARY KEY (`id`)
) ENGINE=InnoDB AUTO_INCREMENT=15 DEFAULT CHARSET=utf8mb4 COLLATE=utf8mb4_unicode_ci;

--
-- Dumping data for table `tipoexamens`
--

/*!40000 ALTER TABLE `tipoexamens` DISABLE KEYS */;
INSERT INTO `tipoexamens` (`id`,`nombre`,`estado`,`created_at`,`updated_at`,`deleted_at`) VALUES 
 (1,'HEMATOLOGÍA Y COAGULACIÓN',1,'0000-00-00 00:00:00','2017-08-27 20:20:31',NULL),
 (2,'QUÍMICA SANGUÍNEA',1,'0000-00-00 00:00:00','2017-08-27 20:20:56',NULL),
 (3,'ENZIMAS',1,'0000-00-00 00:00:00','0000-00-00 00:00:00',NULL),
 (4,'MARCADOR DE FASE AGUDA',1,'0000-00-00 00:00:00','0000-00-00 00:00:00',NULL),
 (5,'SERO-INMUNOLOGÍA',1,'0000-00-00 00:00:00','2017-08-27 20:23:36',NULL),
 (6,'INMUNO-INFECCIOSAS',1,'0000-00-00 00:00:00','0000-00-00 00:00:00',NULL),
 (7,'HORMONAS',1,'0000-00-00 00:00:00','0000-00-00 00:00:00',NULL),
 (8,'MARCADORES TUMORALES',1,'0000-00-00 00:00:00','0000-00-00 00:00:00',NULL),
 (9,'ELECTROLITOS',1,'0000-00-00 00:00:00','0000-00-00 00:00:00',NULL),
 (10,'MICROBIOLOGÍA',1,'0000-00-00 00:00:00','2017-08-27 20:24:46',NULL),
 (11,'ORINA',1,'0000-00-00 00:00:00','0000-00-00 00:00:00',NULL),
 (12,'HECES',1,'0000-00-00 00:00:00','0000-00-00 00:00:00',NULL),
 (13,'Otros',1,'2017-09-15 23:53:19','2017-09-15 23:53:19',NULL),
 (14,'COAGULACIÓN',1,'2017-10-19 00:00:00',NULL,NULL);
/*!40000 ALTER TABLE `tipoexamens` ENABLE KEYS */;


--
-- Definition of table `tipopacientes`
--

DROP TABLE IF EXISTS `tipopacientes`;
CREATE TABLE `tipopacientes` (
  `id` int(10) unsigned NOT NULL AUTO_INCREMENT,
  `nombre` varchar(128) COLLATE utf8mb4_unicode_ci NOT NULL,
  `estado` tinyint(4) NOT NULL,
  `created_at` timestamp NULL DEFAULT NULL,
  `updated_at` timestamp NULL DEFAULT NULL,
  `deleted_at` timestamp NULL DEFAULT NULL,
  PRIMARY KEY (`id`)
) ENGINE=InnoDB AUTO_INCREMENT=4 DEFAULT CHARSET=utf8mb4 COLLATE=utf8mb4_unicode_ci;

--
-- Dumping data for table `tipopacientes`
--

/*!40000 ALTER TABLE `tipopacientes` DISABLE KEYS */;
INSERT INTO `tipopacientes` (`id`,`nombre`,`estado`,`created_at`,`updated_at`,`deleted_at`) VALUES 
 (1,'Particular',1,'2017-08-25 05:34:35','2017-08-25 05:34:35',NULL),
 (2,'Laboratorios',1,'2017-08-25 05:34:44','2017-08-25 05:34:57',NULL),
 (3,'Clinicas',1,'2017-08-25 05:34:51','2017-08-25 05:34:51',NULL);
/*!40000 ALTER TABLE `tipopacientes` ENABLE KEYS */;


--
-- Definition of table `tipousuarios`
--

DROP TABLE IF EXISTS `tipousuarios`;
CREATE TABLE `tipousuarios` (
  `id` int(10) unsigned NOT NULL AUTO_INCREMENT,
  `nombre` varchar(128) COLLATE utf8mb4_unicode_ci NOT NULL,
  `estado` tinyint(4) NOT NULL,
  `created_at` timestamp NULL DEFAULT NULL,
  `updated_at` timestamp NULL DEFAULT NULL,
  `deleted_at` timestamp NULL DEFAULT NULL,
  PRIMARY KEY (`id`)
) ENGINE=InnoDB AUTO_INCREMENT=4 DEFAULT CHARSET=utf8mb4 COLLATE=utf8mb4_unicode_ci;

--
-- Dumping data for table `tipousuarios`
--

/*!40000 ALTER TABLE `tipousuarios` DISABLE KEYS */;
INSERT INTO `tipousuarios` (`id`,`nombre`,`estado`,`created_at`,`updated_at`,`deleted_at`) VALUES 
 (1,'usuario 1',1,'2017-08-27 15:18:21','2017-08-27 18:15:14',NULL),
 (2,'other',1,'2017-08-27 18:15:23','2017-08-27 18:15:26','2017-08-27 18:15:26'),
 (3,'ssdsd',1,'2017-08-27 18:15:53','2017-08-27 18:15:57','2017-08-27 18:15:57');
/*!40000 ALTER TABLE `tipousuarios` ENABLE KEYS */;




/*!40101 SET SQL_MODE=@OLD_SQL_MODE */;
/*!40014 SET FOREIGN_KEY_CHECKS=@OLD_FOREIGN_KEY_CHECKS */;
/*!40014 SET UNIQUE_CHECKS=@OLD_UNIQUE_CHECKS */;
/*!40101 SET CHARACTER_SET_CLIENT=@OLD_CHARACTER_SET_CLIENT */;
/*!40101 SET CHARACTER_SET_RESULTS=@OLD_CHARACTER_SET_RESULTS */;
/*!40101 SET COLLATION_CONNECTION=@OLD_COLLATION_CONNECTION */;
/*!40101 SET CHARACTER_SET_CLIENT=@OLD_CHARACTER_SET_CLIENT */;
