CREATE DATABASE  IF NOT EXISTS `laboratorio` /*!40100 DEFAULT CHARACTER SET latin1 */;
USE `laboratorio`;
-- MySQL dump 10.13  Distrib 5.7.18, for Linux (x86_64)
--
-- Host: localhost    Database: laboratorio
-- ------------------------------------------------------
-- Server version	5.7.18-0ubuntu0.16.04.1

/*!40101 SET @OLD_CHARACTER_SET_CLIENT=@@CHARACTER_SET_CLIENT */;
/*!40101 SET @OLD_CHARACTER_SET_RESULTS=@@CHARACTER_SET_RESULTS */;
/*!40101 SET @OLD_COLLATION_CONNECTION=@@COLLATION_CONNECTION */;
/*!40101 SET NAMES utf8 */;
/*!40103 SET @OLD_TIME_ZONE=@@TIME_ZONE */;
/*!40103 SET TIME_ZONE='+00:00' */;
/*!40014 SET @OLD_UNIQUE_CHECKS=@@UNIQUE_CHECKS, UNIQUE_CHECKS=0 */;
/*!40014 SET @OLD_FOREIGN_KEY_CHECKS=@@FOREIGN_KEY_CHECKS, FOREIGN_KEY_CHECKS=0 */;
/*!40101 SET @OLD_SQL_MODE=@@SQL_MODE, SQL_MODE='NO_AUTO_VALUE_ON_ZERO' */;
/*!40111 SET @OLD_SQL_NOTES=@@SQL_NOTES, SQL_NOTES=0 */;

--
-- Table structure for table `clientes`
--

DROP TABLE IF EXISTS `clientes`;
/*!40101 SET @saved_cs_client     = @@character_set_client */;
/*!40101 SET character_set_client = utf8 */;
CREATE TABLE `clientes` (
  `id` int(10) unsigned NOT NULL AUTO_INCREMENT,
  `cedula` varchar(13) COLLATE utf8mb4_unicode_ci NOT NULL,
  `nombres` varchar(128) COLLATE utf8mb4_unicode_ci NOT NULL,
  `apellidos` varchar(128) COLLATE utf8mb4_unicode_ci DEFAULT NULL,
  `direccion` varchar(512) COLLATE utf8mb4_unicode_ci DEFAULT NULL,
  `telefono` varchar(10) COLLATE utf8mb4_unicode_ci DEFAULT NULL,
  `estado` tinyint(4) NOT NULL,
  `created_at` timestamp NULL DEFAULT NULL,
  `updated_at` timestamp NULL DEFAULT NULL,
  `deleted_at` timestamp NULL DEFAULT NULL,
  PRIMARY KEY (`id`)
) ENGINE=InnoDB AUTO_INCREMENT=5 DEFAULT CHARSET=utf8mb4 COLLATE=utf8mb4_unicode_ci;
/*!40101 SET character_set_client = @saved_cs_client */;

--
-- Dumping data for table `clientes`
--

LOCK TABLES `clientes` WRITE;
/*!40000 ALTER TABLE `clientes` DISABLE KEYS */;
INSERT INTO `clientes` VALUES (1,'0603718578','Fabian','Cherees','casas',NULL,1,'2017-08-28 00:17:02','2017-08-28 00:22:54',NULL),(2,'0637382924','CArla','Manzo','Calle 1','343334334',1,'2017-08-28 00:27:18','2017-08-28 00:27:33','2017-08-28 00:27:33'),(3,'0637382924','maria','peres','asas',NULL,1,'2017-08-28 01:12:39','2017-08-28 01:14:13','2017-08-28 01:14:13'),(4,'0603718573','asas','qwqw','asas',NULL,1,'2017-08-28 03:17:31','2017-08-28 03:17:31',NULL);
/*!40000 ALTER TABLE `clientes` ENABLE KEYS */;
UNLOCK TABLES;

--
-- Table structure for table `detalleorden`
--

DROP TABLE IF EXISTS `detalleorden`;
/*!40101 SET @saved_cs_client     = @@character_set_client */;
/*!40101 SET character_set_client = utf8 */;
CREATE TABLE `detalleorden` (
  `id` int(10) unsigned NOT NULL AUTO_INCREMENT,
  `orden_id` int(10) unsigned NOT NULL,
  `examens_id` int(10) unsigned NOT NULL,
  `created_at` timestamp NULL DEFAULT NULL,
  `updated_at` timestamp NULL DEFAULT NULL,
  PRIMARY KEY (`id`),
  KEY `detalleorden_orden_id_foreign` (`orden_id`),
  KEY `detalleorden_examens_id_foreign` (`examens_id`),
  CONSTRAINT `detalleorden_examens_id_foreign` FOREIGN KEY (`examens_id`) REFERENCES `examens` (`id`),
  CONSTRAINT `detalleorden_orden_id_foreign` FOREIGN KEY (`orden_id`) REFERENCES `orden` (`id`)
) ENGINE=InnoDB AUTO_INCREMENT=3 DEFAULT CHARSET=utf8mb4 COLLATE=utf8mb4_unicode_ci;
/*!40101 SET character_set_client = @saved_cs_client */;

--
-- Dumping data for table `detalleorden`
--

LOCK TABLES `detalleorden` WRITE;
/*!40000 ALTER TABLE `detalleorden` DISABLE KEYS */;
INSERT INTO `detalleorden` VALUES (1,1,193,'2017-08-27 23:59:03',NULL),(2,1,194,'2017-08-27 23:59:03',NULL);
/*!40000 ALTER TABLE `detalleorden` ENABLE KEYS */;
UNLOCK TABLES;

--
-- Table structure for table `examan_muestra`
--

DROP TABLE IF EXISTS `examan_muestra`;
/*!40101 SET @saved_cs_client     = @@character_set_client */;
/*!40101 SET character_set_client = utf8 */;
CREATE TABLE `examan_muestra` (
  `id` int(10) unsigned NOT NULL AUTO_INCREMENT,
  `examan_id` int(10) unsigned NOT NULL,
  `muestra_id` int(10) unsigned NOT NULL,
  `created_at` timestamp NULL DEFAULT NULL,
  `updated_at` timestamp NULL DEFAULT NULL,
  `deleted_at` timestamp NULL DEFAULT NULL,
  PRIMARY KEY (`id`),
  KEY `examenmuestra_examens_id_foreign` (`examan_id`),
  KEY `examenmuestra_muestras_id_foreign` (`muestra_id`)
) ENGINE=InnoDB AUTO_INCREMENT=185 DEFAULT CHARSET=utf8mb4 COLLATE=utf8mb4_unicode_ci;
/*!40101 SET character_set_client = @saved_cs_client */;

--
-- Dumping data for table `examan_muestra`
--

LOCK TABLES `examan_muestra` WRITE;
/*!40000 ALTER TABLE `examan_muestra` DISABLE KEYS */;
INSERT INTO `examan_muestra` VALUES (1,1,1,'0000-00-00 00:00:00','0000-00-00 00:00:00','0000-00-00 00:00:00'),(2,2,1,'0000-00-00 00:00:00','0000-00-00 00:00:00','0000-00-00 00:00:00'),(3,3,1,'0000-00-00 00:00:00','0000-00-00 00:00:00','0000-00-00 00:00:00'),(4,4,1,'0000-00-00 00:00:00','0000-00-00 00:00:00','0000-00-00 00:00:00'),(5,5,1,'0000-00-00 00:00:00','0000-00-00 00:00:00','0000-00-00 00:00:00'),(6,6,1,'0000-00-00 00:00:00','0000-00-00 00:00:00','0000-00-00 00:00:00'),(7,7,1,'0000-00-00 00:00:00','0000-00-00 00:00:00','0000-00-00 00:00:00'),(8,8,1,'0000-00-00 00:00:00','0000-00-00 00:00:00','0000-00-00 00:00:00'),(9,9,1,'0000-00-00 00:00:00','0000-00-00 00:00:00','0000-00-00 00:00:00'),(10,10,1,'0000-00-00 00:00:00','0000-00-00 00:00:00','0000-00-00 00:00:00'),(11,11,1,'0000-00-00 00:00:00','0000-00-00 00:00:00','0000-00-00 00:00:00'),(12,12,1,'0000-00-00 00:00:00','0000-00-00 00:00:00','0000-00-00 00:00:00'),(13,13,1,'0000-00-00 00:00:00','0000-00-00 00:00:00','0000-00-00 00:00:00'),(14,14,1,'0000-00-00 00:00:00','0000-00-00 00:00:00','0000-00-00 00:00:00'),(15,15,1,'0000-00-00 00:00:00','0000-00-00 00:00:00','0000-00-00 00:00:00'),(16,16,1,'0000-00-00 00:00:00','0000-00-00 00:00:00','0000-00-00 00:00:00'),(17,17,2,'0000-00-00 00:00:00','0000-00-00 00:00:00','0000-00-00 00:00:00'),(18,18,3,'0000-00-00 00:00:00','0000-00-00 00:00:00','0000-00-00 00:00:00'),(19,19,1,'0000-00-00 00:00:00','0000-00-00 00:00:00','0000-00-00 00:00:00'),(20,20,2,'0000-00-00 00:00:00','0000-00-00 00:00:00','0000-00-00 00:00:00'),(21,21,4,'0000-00-00 00:00:00','0000-00-00 00:00:00','0000-00-00 00:00:00'),(22,22,3,'0000-00-00 00:00:00','0000-00-00 00:00:00','0000-00-00 00:00:00'),(23,23,4,'0000-00-00 00:00:00','0000-00-00 00:00:00','0000-00-00 00:00:00'),(24,24,1,'0000-00-00 00:00:00','0000-00-00 00:00:00','0000-00-00 00:00:00'),(25,25,3,'0000-00-00 00:00:00','0000-00-00 00:00:00','0000-00-00 00:00:00'),(26,26,4,'0000-00-00 00:00:00','0000-00-00 00:00:00','0000-00-00 00:00:00'),(27,27,4,'0000-00-00 00:00:00','0000-00-00 00:00:00','0000-00-00 00:00:00'),(28,28,4,'0000-00-00 00:00:00','0000-00-00 00:00:00','0000-00-00 00:00:00'),(29,29,4,'0000-00-00 00:00:00','0000-00-00 00:00:00','0000-00-00 00:00:00'),(30,30,4,'0000-00-00 00:00:00','0000-00-00 00:00:00','0000-00-00 00:00:00'),(31,31,3,'0000-00-00 00:00:00','0000-00-00 00:00:00','0000-00-00 00:00:00'),(32,32,3,'0000-00-00 00:00:00','0000-00-00 00:00:00','0000-00-00 00:00:00'),(33,33,3,'0000-00-00 00:00:00','0000-00-00 00:00:00','0000-00-00 00:00:00'),(34,34,3,'0000-00-00 00:00:00','0000-00-00 00:00:00','0000-00-00 00:00:00'),(35,35,3,'0000-00-00 00:00:00','0000-00-00 00:00:00','0000-00-00 00:00:00'),(36,36,3,'0000-00-00 00:00:00','0000-00-00 00:00:00','0000-00-00 00:00:00'),(37,37,3,'0000-00-00 00:00:00','0000-00-00 00:00:00','0000-00-00 00:00:00'),(38,38,3,'0000-00-00 00:00:00','0000-00-00 00:00:00','0000-00-00 00:00:00'),(39,39,3,'0000-00-00 00:00:00','0000-00-00 00:00:00','0000-00-00 00:00:00'),(40,40,3,'0000-00-00 00:00:00','0000-00-00 00:00:00','0000-00-00 00:00:00'),(41,41,3,'0000-00-00 00:00:00','0000-00-00 00:00:00','0000-00-00 00:00:00'),(42,42,3,'0000-00-00 00:00:00','0000-00-00 00:00:00','0000-00-00 00:00:00'),(43,43,3,'0000-00-00 00:00:00','0000-00-00 00:00:00','0000-00-00 00:00:00'),(44,44,3,'0000-00-00 00:00:00','0000-00-00 00:00:00','0000-00-00 00:00:00'),(45,45,3,'0000-00-00 00:00:00','0000-00-00 00:00:00','0000-00-00 00:00:00'),(46,46,3,'0000-00-00 00:00:00','0000-00-00 00:00:00','0000-00-00 00:00:00'),(47,47,3,'0000-00-00 00:00:00','0000-00-00 00:00:00','0000-00-00 00:00:00'),(48,48,1,'0000-00-00 00:00:00','0000-00-00 00:00:00','0000-00-00 00:00:00'),(49,49,3,'0000-00-00 00:00:00','0000-00-00 00:00:00','0000-00-00 00:00:00'),(50,50,3,'0000-00-00 00:00:00','0000-00-00 00:00:00','0000-00-00 00:00:00'),(51,51,3,'0000-00-00 00:00:00','0000-00-00 00:00:00','0000-00-00 00:00:00'),(52,52,3,'0000-00-00 00:00:00','0000-00-00 00:00:00','0000-00-00 00:00:00'),(53,53,3,'0000-00-00 00:00:00','0000-00-00 00:00:00','0000-00-00 00:00:00'),(54,54,3,'0000-00-00 00:00:00','0000-00-00 00:00:00','0000-00-00 00:00:00'),(55,55,3,'0000-00-00 00:00:00','0000-00-00 00:00:00','0000-00-00 00:00:00'),(56,56,3,'0000-00-00 00:00:00','0000-00-00 00:00:00','0000-00-00 00:00:00'),(57,57,3,'0000-00-00 00:00:00','0000-00-00 00:00:00','0000-00-00 00:00:00'),(58,58,3,'0000-00-00 00:00:00','0000-00-00 00:00:00','0000-00-00 00:00:00'),(59,59,3,'0000-00-00 00:00:00','0000-00-00 00:00:00','0000-00-00 00:00:00'),(60,60,3,'0000-00-00 00:00:00','0000-00-00 00:00:00','0000-00-00 00:00:00'),(61,61,3,'0000-00-00 00:00:00','0000-00-00 00:00:00','0000-00-00 00:00:00'),(62,62,3,'0000-00-00 00:00:00','0000-00-00 00:00:00','0000-00-00 00:00:00'),(63,63,3,'0000-00-00 00:00:00','0000-00-00 00:00:00','0000-00-00 00:00:00'),(64,64,3,'0000-00-00 00:00:00','0000-00-00 00:00:00','0000-00-00 00:00:00'),(65,65,3,'0000-00-00 00:00:00','0000-00-00 00:00:00','0000-00-00 00:00:00'),(66,66,3,'0000-00-00 00:00:00','0000-00-00 00:00:00','0000-00-00 00:00:00'),(67,67,3,'0000-00-00 00:00:00','0000-00-00 00:00:00','0000-00-00 00:00:00'),(68,68,3,'0000-00-00 00:00:00','0000-00-00 00:00:00','0000-00-00 00:00:00'),(69,69,3,'0000-00-00 00:00:00','0000-00-00 00:00:00','0000-00-00 00:00:00'),(70,70,3,'0000-00-00 00:00:00','0000-00-00 00:00:00','0000-00-00 00:00:00'),(71,71,3,'0000-00-00 00:00:00','0000-00-00 00:00:00','0000-00-00 00:00:00'),(72,72,3,'0000-00-00 00:00:00','0000-00-00 00:00:00','0000-00-00 00:00:00'),(73,73,3,'0000-00-00 00:00:00','0000-00-00 00:00:00','0000-00-00 00:00:00'),(74,74,3,'0000-00-00 00:00:00','0000-00-00 00:00:00','0000-00-00 00:00:00'),(75,75,3,'0000-00-00 00:00:00','0000-00-00 00:00:00','0000-00-00 00:00:00'),(76,76,3,'0000-00-00 00:00:00','0000-00-00 00:00:00','0000-00-00 00:00:00'),(77,77,3,'0000-00-00 00:00:00','0000-00-00 00:00:00','0000-00-00 00:00:00'),(78,78,3,'0000-00-00 00:00:00','0000-00-00 00:00:00','0000-00-00 00:00:00'),(79,79,3,'0000-00-00 00:00:00','0000-00-00 00:00:00','0000-00-00 00:00:00'),(80,80,3,'0000-00-00 00:00:00','0000-00-00 00:00:00','0000-00-00 00:00:00'),(81,81,3,'0000-00-00 00:00:00','0000-00-00 00:00:00','0000-00-00 00:00:00'),(82,82,3,'0000-00-00 00:00:00','0000-00-00 00:00:00','0000-00-00 00:00:00'),(83,83,3,'0000-00-00 00:00:00','0000-00-00 00:00:00','0000-00-00 00:00:00'),(84,84,3,'0000-00-00 00:00:00','0000-00-00 00:00:00','0000-00-00 00:00:00'),(85,85,3,'0000-00-00 00:00:00','0000-00-00 00:00:00','0000-00-00 00:00:00'),(86,86,3,'0000-00-00 00:00:00','0000-00-00 00:00:00','0000-00-00 00:00:00'),(87,87,3,'0000-00-00 00:00:00','0000-00-00 00:00:00','0000-00-00 00:00:00'),(88,88,3,'0000-00-00 00:00:00','0000-00-00 00:00:00','0000-00-00 00:00:00'),(89,89,3,'0000-00-00 00:00:00','0000-00-00 00:00:00','0000-00-00 00:00:00'),(90,90,3,'0000-00-00 00:00:00','0000-00-00 00:00:00','0000-00-00 00:00:00'),(91,91,3,'0000-00-00 00:00:00','0000-00-00 00:00:00','0000-00-00 00:00:00'),(92,92,3,'0000-00-00 00:00:00','0000-00-00 00:00:00','0000-00-00 00:00:00'),(93,93,3,'0000-00-00 00:00:00','0000-00-00 00:00:00','0000-00-00 00:00:00'),(94,94,3,'0000-00-00 00:00:00','0000-00-00 00:00:00','0000-00-00 00:00:00'),(95,95,3,'0000-00-00 00:00:00','0000-00-00 00:00:00','0000-00-00 00:00:00'),(96,96,3,'0000-00-00 00:00:00','0000-00-00 00:00:00','0000-00-00 00:00:00'),(97,97,3,'0000-00-00 00:00:00','0000-00-00 00:00:00','0000-00-00 00:00:00'),(98,98,3,'0000-00-00 00:00:00','0000-00-00 00:00:00','0000-00-00 00:00:00'),(99,99,3,'0000-00-00 00:00:00','0000-00-00 00:00:00','0000-00-00 00:00:00'),(100,100,3,'0000-00-00 00:00:00','0000-00-00 00:00:00','0000-00-00 00:00:00'),(101,101,3,'0000-00-00 00:00:00','0000-00-00 00:00:00','0000-00-00 00:00:00'),(102,102,3,'0000-00-00 00:00:00','0000-00-00 00:00:00','0000-00-00 00:00:00'),(103,103,3,'0000-00-00 00:00:00','0000-00-00 00:00:00','0000-00-00 00:00:00'),(104,104,3,'0000-00-00 00:00:00','0000-00-00 00:00:00','0000-00-00 00:00:00'),(105,105,3,'0000-00-00 00:00:00','0000-00-00 00:00:00','0000-00-00 00:00:00'),(106,106,3,'0000-00-00 00:00:00','0000-00-00 00:00:00','0000-00-00 00:00:00'),(107,107,3,'0000-00-00 00:00:00','0000-00-00 00:00:00','0000-00-00 00:00:00'),(108,108,3,'0000-00-00 00:00:00','0000-00-00 00:00:00','0000-00-00 00:00:00'),(109,109,3,'0000-00-00 00:00:00','0000-00-00 00:00:00','0000-00-00 00:00:00'),(110,110,3,'0000-00-00 00:00:00','0000-00-00 00:00:00','0000-00-00 00:00:00'),(111,111,3,'0000-00-00 00:00:00','0000-00-00 00:00:00','0000-00-00 00:00:00'),(112,112,3,'0000-00-00 00:00:00','0000-00-00 00:00:00','0000-00-00 00:00:00'),(113,113,3,'0000-00-00 00:00:00','0000-00-00 00:00:00','0000-00-00 00:00:00'),(114,114,3,'0000-00-00 00:00:00','0000-00-00 00:00:00','0000-00-00 00:00:00'),(115,115,3,'0000-00-00 00:00:00','0000-00-00 00:00:00','0000-00-00 00:00:00'),(116,116,3,'0000-00-00 00:00:00','0000-00-00 00:00:00','0000-00-00 00:00:00'),(117,117,3,'0000-00-00 00:00:00','0000-00-00 00:00:00','0000-00-00 00:00:00'),(118,118,3,'0000-00-00 00:00:00','0000-00-00 00:00:00','0000-00-00 00:00:00'),(119,119,3,'0000-00-00 00:00:00','0000-00-00 00:00:00','0000-00-00 00:00:00'),(120,120,3,'0000-00-00 00:00:00','0000-00-00 00:00:00','0000-00-00 00:00:00'),(121,121,3,'0000-00-00 00:00:00','0000-00-00 00:00:00','0000-00-00 00:00:00'),(122,122,3,'0000-00-00 00:00:00','0000-00-00 00:00:00','0000-00-00 00:00:00'),(123,123,3,'0000-00-00 00:00:00','0000-00-00 00:00:00','0000-00-00 00:00:00'),(124,124,3,'0000-00-00 00:00:00','0000-00-00 00:00:00','0000-00-00 00:00:00'),(125,125,3,'0000-00-00 00:00:00','0000-00-00 00:00:00','0000-00-00 00:00:00'),(126,126,3,'0000-00-00 00:00:00','0000-00-00 00:00:00','0000-00-00 00:00:00'),(127,127,3,'0000-00-00 00:00:00','0000-00-00 00:00:00','0000-00-00 00:00:00'),(128,128,3,'0000-00-00 00:00:00','0000-00-00 00:00:00','0000-00-00 00:00:00'),(129,129,3,'0000-00-00 00:00:00','0000-00-00 00:00:00','0000-00-00 00:00:00'),(130,130,3,'0000-00-00 00:00:00','0000-00-00 00:00:00','0000-00-00 00:00:00'),(131,131,3,'0000-00-00 00:00:00','0000-00-00 00:00:00','0000-00-00 00:00:00'),(132,132,3,'0000-00-00 00:00:00','0000-00-00 00:00:00','0000-00-00 00:00:00'),(133,133,3,'0000-00-00 00:00:00','0000-00-00 00:00:00','0000-00-00 00:00:00'),(134,134,3,'0000-00-00 00:00:00','0000-00-00 00:00:00','0000-00-00 00:00:00'),(135,135,3,'0000-00-00 00:00:00','0000-00-00 00:00:00','0000-00-00 00:00:00'),(136,136,3,'0000-00-00 00:00:00','0000-00-00 00:00:00','0000-00-00 00:00:00'),(137,137,3,'0000-00-00 00:00:00','0000-00-00 00:00:00','0000-00-00 00:00:00'),(138,138,3,'0000-00-00 00:00:00','0000-00-00 00:00:00','0000-00-00 00:00:00'),(139,139,3,'0000-00-00 00:00:00','0000-00-00 00:00:00','0000-00-00 00:00:00'),(140,140,3,'0000-00-00 00:00:00','0000-00-00 00:00:00','0000-00-00 00:00:00'),(141,141,3,'0000-00-00 00:00:00','0000-00-00 00:00:00','0000-00-00 00:00:00'),(142,142,3,'0000-00-00 00:00:00','0000-00-00 00:00:00','0000-00-00 00:00:00'),(143,143,3,'0000-00-00 00:00:00','0000-00-00 00:00:00','0000-00-00 00:00:00'),(144,144,3,'0000-00-00 00:00:00','0000-00-00 00:00:00','0000-00-00 00:00:00'),(145,145,3,'0000-00-00 00:00:00','0000-00-00 00:00:00','0000-00-00 00:00:00'),(146,146,3,'0000-00-00 00:00:00','0000-00-00 00:00:00','0000-00-00 00:00:00'),(147,147,3,'0000-00-00 00:00:00','0000-00-00 00:00:00','0000-00-00 00:00:00'),(148,148,3,'0000-00-00 00:00:00','0000-00-00 00:00:00','0000-00-00 00:00:00'),(149,149,3,'0000-00-00 00:00:00','0000-00-00 00:00:00','0000-00-00 00:00:00'),(150,150,3,'0000-00-00 00:00:00','0000-00-00 00:00:00','0000-00-00 00:00:00'),(151,151,3,'0000-00-00 00:00:00','0000-00-00 00:00:00','0000-00-00 00:00:00'),(152,152,3,'0000-00-00 00:00:00','0000-00-00 00:00:00','0000-00-00 00:00:00'),(153,153,3,'0000-00-00 00:00:00','0000-00-00 00:00:00','0000-00-00 00:00:00'),(154,154,3,'0000-00-00 00:00:00','0000-00-00 00:00:00','0000-00-00 00:00:00'),(155,155,3,'0000-00-00 00:00:00','0000-00-00 00:00:00','0000-00-00 00:00:00'),(156,156,3,'0000-00-00 00:00:00','0000-00-00 00:00:00','0000-00-00 00:00:00'),(157,157,3,'0000-00-00 00:00:00','0000-00-00 00:00:00','0000-00-00 00:00:00'),(158,167,5,'0000-00-00 00:00:00','0000-00-00 00:00:00','0000-00-00 00:00:00'),(159,168,5,'0000-00-00 00:00:00','0000-00-00 00:00:00','0000-00-00 00:00:00'),(160,169,5,'0000-00-00 00:00:00','0000-00-00 00:00:00','0000-00-00 00:00:00'),(161,170,6,'0000-00-00 00:00:00','0000-00-00 00:00:00','0000-00-00 00:00:00'),(162,171,5,'0000-00-00 00:00:00','0000-00-00 00:00:00','0000-00-00 00:00:00'),(163,172,5,'0000-00-00 00:00:00','0000-00-00 00:00:00','0000-00-00 00:00:00'),(164,173,5,'0000-00-00 00:00:00','0000-00-00 00:00:00','0000-00-00 00:00:00'),(165,174,5,'0000-00-00 00:00:00','0000-00-00 00:00:00','0000-00-00 00:00:00'),(166,175,5,'0000-00-00 00:00:00','0000-00-00 00:00:00','0000-00-00 00:00:00'),(167,176,6,'0000-00-00 00:00:00','0000-00-00 00:00:00','0000-00-00 00:00:00'),(168,177,5,'0000-00-00 00:00:00','0000-00-00 00:00:00','0000-00-00 00:00:00'),(169,178,5,'0000-00-00 00:00:00','0000-00-00 00:00:00','0000-00-00 00:00:00'),(170,179,7,'0000-00-00 00:00:00','0000-00-00 00:00:00','0000-00-00 00:00:00'),(171,180,7,'0000-00-00 00:00:00','0000-00-00 00:00:00','0000-00-00 00:00:00'),(172,181,7,'0000-00-00 00:00:00','0000-00-00 00:00:00','0000-00-00 00:00:00'),(173,182,7,'0000-00-00 00:00:00','0000-00-00 00:00:00','0000-00-00 00:00:00'),(174,183,7,'0000-00-00 00:00:00','0000-00-00 00:00:00','0000-00-00 00:00:00'),(175,184,7,'0000-00-00 00:00:00','0000-00-00 00:00:00','0000-00-00 00:00:00'),(176,185,7,'0000-00-00 00:00:00','0000-00-00 00:00:00','0000-00-00 00:00:00'),(177,186,7,'0000-00-00 00:00:00','0000-00-00 00:00:00','0000-00-00 00:00:00'),(178,187,7,'0000-00-00 00:00:00','0000-00-00 00:00:00','0000-00-00 00:00:00'),(182,192,4,NULL,NULL,NULL),(183,191,3,NULL,NULL,NULL),(184,192,2,NULL,NULL,NULL);
/*!40000 ALTER TABLE `examan_muestra` ENABLE KEYS */;
UNLOCK TABLES;

--
-- Table structure for table `examens`
--

DROP TABLE IF EXISTS `examens`;
/*!40101 SET @saved_cs_client     = @@character_set_client */;
/*!40101 SET character_set_client = utf8 */;
CREATE TABLE `examens` (
  `id` int(10) unsigned NOT NULL AUTO_INCREMENT,
  `tipoexamens_id` int(10) unsigned NOT NULL,
  `nombre` varchar(512) COLLATE utf8mb4_unicode_ci NOT NULL,
  `plantilla` text COLLATE utf8mb4_unicode_ci NOT NULL,
  `precio_normal` decimal(5,2) NOT NULL,
  `precio_laboratorio` decimal(5,2) NOT NULL,
  `precio_clinica` decimal(5,2) NOT NULL,
  `estado` tinyint(4) NOT NULL,
  `created_at` timestamp NULL DEFAULT NULL,
  `updated_at` timestamp NULL DEFAULT NULL,
  `deleted_at` timestamp NULL DEFAULT NULL,
  `muestras_id` int(11) NOT NULL,
  PRIMARY KEY (`id`),
  KEY `examens_tipoexamens_id_foreign` (`tipoexamens_id`),
  CONSTRAINT `examens_tipoexamens_id_foreign` FOREIGN KEY (`tipoexamens_id`) REFERENCES `tipoexamens` (`id`)
) ENGINE=InnoDB AUTO_INCREMENT=195 DEFAULT CHARSET=utf8mb4 COLLATE=utf8mb4_unicode_ci;
/*!40101 SET character_set_client = @saved_cs_client */;

--
-- Dumping data for table `examens`
--

LOCK TABLES `examens` WRITE;
/*!40000 ALTER TABLE `examens` DISABLE KEYS */;
INSERT INTO `examens` VALUES (1,1,'HEMAT?ES','HEMAT?ES  /mm3 N/A',0.00,0.00,5.00,1,'0000-00-00 00:00:00','0000-00-00 00:00:00',NULL,1),(2,1,'HEMOGLOBINA','HEMOGLOBINA N/A N/A',2.50,0.00,0.00,1,'0000-00-00 00:00:00','0000-00-00 00:00:00',NULL,1),(3,1,'HEMATOCRITO','HEMATOCRITO N/A N/A',2.50,0.00,0.00,1,'0000-00-00 00:00:00','0000-00-00 00:00:00',NULL,1),(4,1,'CMHC','CMHC N/A N/A',0.00,0.00,0.00,1,'0000-00-00 00:00:00','0000-00-00 00:00:00',NULL,1),(5,1,'VCM','VCM N/A N/A',0.00,0.00,0.00,1,'0000-00-00 00:00:00','0000-00-00 00:00:00',NULL,1),(6,1,'HCM','HCM N/A N/A',10.00,6.00,0.00,1,'0000-00-00 00:00:00','0000-00-00 00:00:00',NULL,1),(7,1,'LEUCOCITOS','LEUCOCITOS N/A N/A',0.00,0.00,0.00,1,'0000-00-00 00:00:00','0000-00-00 00:00:00',NULL,1),(8,1,'FORMULA LEUCOCITARIA','FORMULA LEUCOCITARIA N/A N/A',0.00,0.00,0.00,1,'0000-00-00 00:00:00','0000-00-00 00:00:00',NULL,1),(9,1,'CAYADOS','CAYADOS N/A N/A',0.00,0.00,0.00,1,'0000-00-00 00:00:00','0000-00-00 00:00:00',NULL,1),(10,1,'SEGMENTADOS','SEGMENTADOS N/A N/A',0.00,0.00,0.00,1,'0000-00-00 00:00:00','0000-00-00 00:00:00',NULL,1),(11,1,'EOSIN?FILOS','EOSIN?FILOS N/A N/A',0.00,0.00,0.00,1,'0000-00-00 00:00:00','0000-00-00 00:00:00',NULL,1),(12,1,'BAS?FILOS','BAS?FILOS N/A N/A',0.00,0.00,0.00,1,'0000-00-00 00:00:00','0000-00-00 00:00:00',NULL,1),(13,1,'MONOCITOS','MONOCITOS N/A N/A',0.00,0.00,0.00,1,'0000-00-00 00:00:00','0000-00-00 00:00:00',NULL,1),(14,1,'LINFOCITOS','LINFOCITOS N/A N/A',0.00,0.00,0.00,1,'0000-00-00 00:00:00','0000-00-00 00:00:00',NULL,1),(15,1,'PLAQUETAS','PLAQUETAS N/A N/A',3.00,2.00,2.00,1,'0000-00-00 00:00:00','0000-00-00 00:00:00',NULL,1),(16,1,'RETICULOCITOS','RETICULOCITOS N/A N/A',3.00,2.00,2.00,1,'0000-00-00 00:00:00','0000-00-00 00:00:00',NULL,1),(17,1,'FROTIS DE SANGRE PERIF?RICA','FROTIS DE SANGRE PERIF?RICA N/A N/A',25.00,20.00,20.00,1,'0000-00-00 00:00:00','0000-00-00 00:00:00',NULL,2),(18,1,'?CIDO F?LICO','?CIDO F?LICO ?g/mL 2.30-12.0',15.00,13.00,13.00,1,'0000-00-00 00:00:00','0000-00-00 00:00:00',NULL,3),(19,1,'COOMBS DIRECTO','COOMBS DIRECTO N/A N/A',6.00,5.00,5.00,1,'0000-00-00 00:00:00','0000-00-00 00:00:00',NULL,1),(20,1,'COOMBS INDIRECTO','COOMBS INDIRECTO N/A N/A',7.00,6.00,6.00,1,'0000-00-00 00:00:00','0000-00-00 00:00:00',NULL,2),(21,1,'D?MERO- D.','D?MERO- D. ?g/mL  hasta  500',25.00,20.00,20.00,1,'0000-00-00 00:00:00','0000-00-00 00:00:00',NULL,4),(22,1,'FERRITINA','FERRITINA ?g/mL hombres: (20-250)\nFERRITINA mujeres (10-120)\nFERRITINA 6 meses a 15 a?os (7-140)',12.00,8.00,8.00,1,'0000-00-00 00:00:00','0000-00-00 00:00:00',NULL,3),(23,1,'FIBRIN?GENO','FIBRIN?GENO mg/dL 150-400',6.00,5.00,6.00,1,'0000-00-00 00:00:00','0000-00-00 00:00:00',NULL,4),(24,1,'GRUPO SANGU?NEO','GRUPO SANGU?NEO N/A N/A',3.00,2.50,3.00,1,'0000-00-00 00:00:00','0000-00-00 00:00:00',NULL,1),(25,1,'HIERRO S?RICO','HIERRO S?RICO                                          ?g/dL 60-140  mujeres : 40-145\nHIERRO S?RICO                                          ni?os 1-5 a?os: 22-136',4.00,3.00,3.00,1,'0000-00-00 00:00:00','0000-00-00 00:00:00',NULL,3),(26,1,'I.R.N','I.R.N N/A N/A',0.00,0.00,0.00,1,'0000-00-00 00:00:00','0000-00-00 00:00:00',NULL,4),(27,1,'TIEMPO DE COAGULACI?N.','TIEMPO DE COAGULACI?N. N/A N/A',2.00,0.00,0.00,1,'0000-00-00 00:00:00','0000-00-00 00:00:00',NULL,4),(28,1,'TIEMPO DE HEMORRAGIA','TIEMPO DE HEMORRAGIA N/A N/A',2.00,0.00,0.00,1,'0000-00-00 00:00:00','0000-00-00 00:00:00',NULL,4),(29,1,'TIEMPO DE PROTROMBINA (T.P.)','TIEMPO DE PROTROMBINA (T.P.) seg-% 70-100  000 %   (v. ref: 70-100%)',4.00,3.00,3.00,1,'0000-00-00 00:00:00','0000-00-00 00:00:00',NULL,4),(30,1,'TIEMPO DE TROMBOPLASTINA PARCIAL (T.T.P.)','TIEMPO DE TROMBOPLASTINA PARCIAL (T.T.P.) seg hasta 45',4.00,3.00,3.00,1,'0000-00-00 00:00:00','0000-00-00 00:00:00',NULL,4),(31,1,'TRANSFERRINA','TRANSFERRINA ?g/mL 200-360',8.00,6.00,5.00,1,'0000-00-00 00:00:00','0000-00-00 00:00:00',NULL,3),(32,1,'VITAMINA B12','VITAMINA B12 ?g/mL 174-874',15.00,13.00,13.00,1,'0000-00-00 00:00:00','0000-00-00 00:00:00',NULL,3),(33,2,'?CIDO ?RICO','?CIDO ?RICO mg/dL \'2.5 6.0',2.50,1.50,1.25,0,'0000-00-00 00:00:00','0000-00-00 00:00:00',NULL,3),(34,2,'ALBUMINA','ALBUMINA g/dL \'3.5-5.0',2.50,1.50,1.25,0,'0000-00-00 00:00:00','0000-00-00 00:00:00',NULL,3),(35,2,'APOLIPOPORTE?NAS \"A\"','APOLIPOPORTE?NAS \"A\" mg/dL \' 122-161',8.00,6.00,6.00,0,'0000-00-00 00:00:00','0000-00-00 00:00:00',NULL,3),(36,2,'APOLIPOPORTE?NAS \"B\"','APOLIPOPORTE?NAS \"B\" mg/dL \'69-105',8.00,6.00,6.00,0,'0000-00-00 00:00:00','0000-00-00 00:00:00',NULL,3),(37,2,'B.U.N','B.U.N mg/dL \'10-20',2.50,1.50,1.25,0,'0000-00-00 00:00:00','0000-00-00 00:00:00',NULL,3),(38,2,'BILIRRUBINA DIRECTA','BILIRRUBINA DIRECTA mg/dL \'hasta 0.25',3.00,2.00,2.00,0,'0000-00-00 00:00:00','0000-00-00 00:00:00',NULL,3),(39,2,'BILIRRUBINA INDIRECTA','BILIRRUBINA INDIRECTA mg/dL \'hasta 0.75',0.00,0.00,0.00,0,'0000-00-00 00:00:00','0000-00-00 00:00:00',NULL,3),(40,2,'BILIRRUBINA TOTAL','BILIRRUBINA TOTAL mg/dL \'hasta 1.0',3.00,2.00,3.00,0,'0000-00-00 00:00:00','0000-00-00 00:00:00',NULL,3),(41,2,'COLESTEROL TOTAL','COLESTEROL TOTAL mg/dL \'hasta 200',2.50,1.50,1.25,0,'0000-00-00 00:00:00','0000-00-00 00:00:00',NULL,3),(42,2,'CREATININA','CREATININA mg/dL \'0.60- 1.2',2.50,1.50,1.25,0,'0000-00-00 00:00:00','0000-00-00 00:00:00',NULL,3),(43,2,'CURVA DE TOLERANCIA 50G. DE GLUCOSA','CURVA DE TOLERANCIA 50G. DE GLUCOSA mg/dL \'N/A',10.00,6.00,6.00,0,'0000-00-00 00:00:00','0000-00-00 00:00:00',NULL,3),(44,2,'CURVA DE TOLERANCIA 75G. DE GLUCOSA','CURVA DE TOLERANCIA 75G. DE GLUCOSA mg/dL \'N/A',10.00,6.00,6.00,0,'0000-00-00 00:00:00','0000-00-00 00:00:00',NULL,3),(45,2,'FRUCTOSAMINA','FRUCTOSAMINA ?mol/L \'205-285',6.00,4.00,4.00,0,'0000-00-00 00:00:00','0000-00-00 00:00:00',NULL,3),(46,2,'GLUCOSA 2H POSTPRANDIAL','GLUCOSA 2H POSTPRANDIAL mg/dL \'N/A',2.50,1.50,1.25,0,'0000-00-00 00:00:00','0000-00-00 00:00:00',NULL,3),(47,2,'GLUCOSA BASAL','GLUCOSA BASAL mg/dL \'70-100',2.50,1.50,1.25,0,'0000-00-00 00:00:00','0000-00-00 00:00:00',NULL,3),(48,2,'HbA1c','HbA1c % \'pctes. no diabeticos menor a 6.50 pctes. diabeticos menor a 7.0\"',15.00,10.00,7.00,0,'0000-00-00 00:00:00','0000-00-00 00:00:00',NULL,1),(49,2,'HDL COLESTEROL','HDL COLESTEROL mg/dL \'45-55 Hombres : 35-55',2.50,1.50,1.25,0,'0000-00-00 00:00:00','0000-00-00 00:00:00',NULL,3),(50,2,'LDL COLESTEROL','LDL COLESTEROL mg/dL \'hasta 130',2.50,0.00,0.00,0,'0000-00-00 00:00:00','0000-00-00 00:00:00',NULL,3),(51,2,'LIPIDOS TOTALES','LIPIDOS TOTALES mg/dL \'400-800',2.50,1.50,1.25,0,'0000-00-00 00:00:00','0000-00-00 00:00:00',NULL,3),(52,2,'PROTEINAS TOTALES','PROTEINAS TOTALES g/dL \'6.0-8.0',2.50,1.50,1.25,0,'0000-00-00 00:00:00','0000-00-00 00:00:00',NULL,3),(53,2,'TRIGLIC?RIDOS','TRIGLIC?RIDOS mg/dL \'10-150',2.50,1.50,1.25,0,'0000-00-00 00:00:00','0000-00-00 00:00:00',NULL,3),(54,2,'?REA','?REA mg/dL \'10-50',2.50,1.50,1.25,0,'0000-00-00 00:00:00','0000-00-00 00:00:00',NULL,3),(55,3,'AMILASA','AMILASA U/L \'hasta 220',6.00,3.00,3.00,0,'0000-00-00 00:00:00','0000-00-00 00:00:00',NULL,3),(56,3,'C.P.K','C.P.K U/L \'24-190',8.00,6.00,6.00,0,'0000-00-00 00:00:00','0000-00-00 00:00:00',NULL,3),(57,3,'CK-MB','CK-MB U/L \'hasta 25',10.00,8.00,8.00,0,'0000-00-00 00:00:00','0000-00-00 00:00:00',NULL,3),(58,3,'FOSFATASA ÁCIDA PROSTÁTICA','FOSFATASA ÁCIDA PROSTÁTICA U/L \'hasta 1.70',5.00,4.00,5.00,0,'0000-00-00 00:00:00','0000-00-00 00:00:00',NULL,3),(59,3,'FOSFATASA ÁCIDA TOTAL','FOSFATASA ÁCIDA TOTAL U/L \'hasta 5.40',5.00,4.00,5.00,0,'0000-00-00 00:00:00','0000-00-00 00:00:00',NULL,3),(60,3,'FOSFATASA ALCALINA','FOSFATASA ALCALINA U/L \'64-306 niños (hasta 644)',5.00,2.50,2.50,0,'0000-00-00 00:00:00','0000-00-00 00:00:00',NULL,3),(61,3,'G.G.T','G.G.T U/L \'11-61 MUJERES. 9 -39',4.00,3.00,3.00,0,'0000-00-00 00:00:00','0000-00-00 00:00:00',NULL,3),(62,3,'L.D.H.','L.D.H. U/L \'225-450',4.00,3.00,3.00,0,'0000-00-00 00:00:00','0000-00-00 00:00:00',NULL,3),(63,3,'LIPASA','LIPASA U/L \'hasta 60',6.00,4.00,4.00,0,'0000-00-00 00:00:00','0000-00-00 00:00:00',NULL,3),(64,3,'T.G.O.','T.G.O. U/L \'hasta 37',4.00,2.50,2.50,0,'0000-00-00 00:00:00','0000-00-00 00:00:00',NULL,3),(65,3,'T.G.P.','T.G.P. U/L \'hasta 42',4.00,2.50,2.50,0,'0000-00-00 00:00:00','0000-00-00 00:00:00',NULL,3),(66,3,'TROPONINA I  (cTnI)','TROPONINA I  (cTnI) ηg/mL \'hasta 0.60',12.00,10.00,10.00,0,'0000-00-00 00:00:00','0000-00-00 00:00:00',NULL,3),(67,4,'PROCALCITONINA','PROCALCITONINA ηg/mL \'hasta 0.50',40.00,30.00,30.00,0,'0000-00-00 00:00:00','0000-00-00 00:00:00',NULL,3),(68,5,'AGLUTINACIONES FEBRILES','AGLUTINACIONES FEBRILES N/A \'N/A',6.00,4.00,3.00,0,'0000-00-00 00:00:00','0000-00-00 00:00:00',NULL,3),(69,5,'EBERTH \"O\"','EBERTH \"O\" N/A \'N/A',0.00,0.00,0.00,0,'0000-00-00 00:00:00','0000-00-00 00:00:00',NULL,3),(70,6,'A.S.T.O ','A.S.T.O  UI/L \'hasta 200',8.00,6.00,6.00,0,'0000-00-00 00:00:00','0000-00-00 00:00:00',NULL,3),(71,6,'A.N.A','A.N.A index \'control positivo: mayor a 1.2 control negativo: menor a 1.0',15.00,10.00,10.00,0,'0000-00-00 00:00:00','0000-00-00 00:00:00',NULL,3),(72,6,'ANA BLOT ( 9 LINE )','ANA BLOT ( 9 LINE ) N/A \'N/A',45.00,40.00,40.00,0,'0000-00-00 00:00:00','0000-00-00 00:00:00',NULL,3),(73,6,'Anti-CCP','Anti-CCP U/mL \'hasta 20.0',30.00,20.00,20.00,0,'0000-00-00 00:00:00','0000-00-00 00:00:00',NULL,3),(74,6,'Anti-dsDNA','Anti-dsDNA U/mL \'hasta 20.0',15.00,10.00,10.00,0,'0000-00-00 00:00:00','0000-00-00 00:00:00',NULL,3),(75,6,'Anti-Smith','Anti-Smith index \'control positivo: mayor a 25 línea de corte: 15-25\ncontrol negativo: menor 15',20.00,15.00,15.00,0,'0000-00-00 00:00:00','0000-00-00 00:00:00',NULL,3),(76,6,'CELULAS L.E','CELULAS L.E N/A \'N/A',6.00,5.00,5.00,0,'0000-00-00 00:00:00','0000-00-00 00:00:00',NULL,3),(77,6,'F.R.','F.R. UI/L \'hasta 20.0',6.00,4.00,4.00,0,'0000-00-00 00:00:00','0000-00-00 00:00:00',NULL,3),(78,6,'P.C.R.','P.C.R. mg/L \'hasta 6.0',6.00,4.00,4.00,0,'0000-00-00 00:00:00','0000-00-00 00:00:00',NULL,3),(79,6,'A.N.C.A. (P)','A.N.C.A. (P) U/mL \'hasta 5.0',16.00,13.00,13.00,0,'0000-00-00 00:00:00','0000-00-00 00:00:00',NULL,3),(80,6,'Anti-TG','Anti-TG UI/mL \'hasta 125.0',15.00,12.00,12.00,0,'0000-00-00 00:00:00','0000-00-00 00:00:00',NULL,3),(81,6,'Anti-TPO','Anti-TPO UI/mL \'hasta 40.0',18.00,15.00,15.00,0,'0000-00-00 00:00:00','0000-00-00 00:00:00',NULL,3),(82,6,'C3','C3 mg/dL \'90-180',8.00,6.00,6.00,0,'0000-00-00 00:00:00','0000-00-00 00:00:00',NULL,3),(83,6,'C4','C4 mg/dL \'10-40',8.00,6.00,6.00,0,'0000-00-00 00:00:00','0000-00-00 00:00:00',NULL,3),(84,6,'IgA','IgA mg/dL \'70-400',10.00,8.00,8.00,0,'0000-00-00 00:00:00','0000-00-00 00:00:00',NULL,3),(85,6,'IgE','IgE UI/mL \'hasta 100.0 0-1 años : 0-15\n1-5 años : 0-60\n6-9 años : 0-80\n10-15 años: 0-90',10.00,8.00,8.00,0,'0000-00-00 00:00:00','0000-00-00 00:00:00',NULL,3),(86,6,'IgG','IgG mg/dL \'700-1.600',10.00,8.00,8.00,0,'0000-00-00 00:00:00','0000-00-00 00:00:00',NULL,3),(87,6,'IgM','IgM mg/dL \'40-230',10.00,8.00,8.00,0,'0000-00-00 00:00:00','0000-00-00 00:00:00',NULL,3),(88,7,'Anti- H.A.V IgM','Anti- H.A.V IgM index \'(control negativo : menor a 0.90\n(control positivo   : mayor a 1.10)  ',12.00,10.00,8.00,0,'0000-00-00 00:00:00','0000-00-00 00:00:00',NULL,3),(89,7,'Anti- H.A.V TOTAL','Anti- H.A.V TOTAL index \'(control negativo : menor a 0.90\n(control positivo   : mayor a 1.10)  ',12.00,10.00,10.00,0,'0000-00-00 00:00:00','0000-00-00 00:00:00',NULL,3),(90,7,'Anti H.C.V','Anti H.C.V N/A \'N/A',6.00,5.00,4.00,0,'0000-00-00 00:00:00','0000-00-00 00:00:00',NULL,3),(91,7,'C.M.V IgG','C.M.V IgG index \'(control negativo : menor a 0.90)\n(control positivo   : mayor a 1.10)',8.00,7.00,6.00,0,'0000-00-00 00:00:00','0000-00-00 00:00:00',NULL,3),(92,7,'C.M.V IgM','C.M.V IgM index \'(control negativo : menor a 0.90)\n(control positivo   : mayor a 1.10) ',8.00,7.00,6.00,0,'0000-00-00 00:00:00','0000-00-00 00:00:00',NULL,3),(93,7,'CHLAMYDIA IgG','CHLAMYDIA IgG index \'(control negativo : menor a 0.90)\n(control positivo   : mayor a 1.10)  ',15.00,10.00,10.00,0,'0000-00-00 00:00:00','0000-00-00 00:00:00',NULL,3),(94,7,'CHLAMYDIA IgM','CHLAMYDIA IgM index \'(control negativo : menor a 0.90)\n(control positivo   : mayor a 1.10) ',15.00,10.00,10.00,0,'0000-00-00 00:00:00','0000-00-00 00:00:00',NULL,3),(95,7,'DENGUE IgG','DENGUE IgG N/A \'N/A',7.50,5.00,5.00,0,'0000-00-00 00:00:00','0000-00-00 00:00:00',NULL,3),(96,7,'DENGUE IgM','DENGUE IgM N/A \'N/A',7.50,5.00,5.00,0,'0000-00-00 00:00:00','0000-00-00 00:00:00',NULL,3),(97,7,'EPSTEIN BAAR IgG','EPSTEIN BAAR IgG index \'(control negativo : menor a 0.90)\n(control positivo  :  mayor a 1.10)',10.00,8.00,8.00,0,'0000-00-00 00:00:00','0000-00-00 00:00:00',NULL,3),(98,7,'EPSTEIN BAAR IgM','EPSTEIN BAAR IgM index \'(control negativo : menor a 0.90)\n(control positivo  :  mayor a 1.10)',10.00,8.00,8.00,0,'0000-00-00 00:00:00','0000-00-00 00:00:00',NULL,3),(99,7,'H.I.V. ','H.I.V.  N/A \'N/A',8.00,5.00,4.00,0,'0000-00-00 00:00:00','0000-00-00 00:00:00',NULL,3),(100,7,'H.I.V. (ELISA)','H.I.V. (ELISA) N/A \'N/A',10.00,8.00,8.00,0,'0000-00-00 00:00:00','0000-00-00 00:00:00',NULL,3),(101,7,'HBcAb','HBcAb N/A \'N/A',6.00,5.00,4.00,0,'0000-00-00 00:00:00','0000-00-00 00:00:00',NULL,3),(102,7,'HBcAb IgM','HBcAb IgM N/A \'N/A',15.00,12.00,12.00,0,'0000-00-00 00:00:00','0000-00-00 00:00:00',NULL,3),(103,7,'HBeAb','HBeAb N/A \'N/A',5.00,5.00,4.00,0,'0000-00-00 00:00:00','0000-00-00 00:00:00',NULL,3),(104,7,'HBeAg','HBeAg N/A \'N/A',5.00,5.00,4.00,0,'0000-00-00 00:00:00','0000-00-00 00:00:00',NULL,3),(105,7,'HBsAb','HBsAb N/A \'N/A',6.00,5.00,4.00,0,'0000-00-00 00:00:00','0000-00-00 00:00:00',NULL,3),(106,7,'HBsAb (ELISA)','HBsAb (ELISA) N/A \'N/A',10.00,8.00,8.00,0,'0000-00-00 00:00:00','0000-00-00 00:00:00',NULL,3),(107,7,'HBsAg','HBsAg N/A \'N/A',6.00,5.00,4.00,0,'0000-00-00 00:00:00','0000-00-00 00:00:00',NULL,3),(108,7,'HBsAg (ELISA)','HBsAg (ELISA) N/A \'N/A',10.00,8.00,8.00,0,'0000-00-00 00:00:00','0000-00-00 00:00:00',NULL,3),(109,7,'HELICOBACTER PYLORI  IgG','HELICOBACTER PYLORI  IgG U/mL \' (v. ref : hasta 20)',10.00,8.00,8.00,0,'0000-00-00 00:00:00','0000-00-00 00:00:00',NULL,3),(110,7,'HELICOBACTER PYLORI  IgM','HELICOBACTER PYLORI  IgM U/mL \' (v.ref : hasta 40)',10.00,8.00,8.00,0,'0000-00-00 00:00:00','0000-00-00 00:00:00',NULL,3),(111,7,'HERPES I IgG','HERPES I IgG index \'(control negativo : menor a 0.90)\n(control positivo   : mayor a 1.10) ',8.00,7.00,6.00,0,'0000-00-00 00:00:00','0000-00-00 00:00:00',NULL,3),(112,7,'HERPES I IgM','HERPES I IgM index \'(control negativo : menor a 0.90)\n(control positivo   : mayor a 1.10) ',8.00,7.00,6.00,0,'0000-00-00 00:00:00','0000-00-00 00:00:00',NULL,3),(113,7,'HERPES II IgG','HERPES II IgG index \'(control negativo : menor a 0.90)\n(control positivo   : mayor a 1.10)  ',8.00,7.00,6.00,0,'0000-00-00 00:00:00','0000-00-00 00:00:00',NULL,3),(114,7,'HERPES II IgM','HERPES II IgM index \'(control negativo : menor a 0.90)\n(control positivo   : mayor a 1.10) ',8.00,7.00,6.00,0,'0000-00-00 00:00:00','0000-00-00 00:00:00',NULL,3),(115,7,'RUBEOLA IgG','RUBEOLA IgG index \'(control negativo : menor a 0.90)\n(control positivo   : mayor a 1.10) ',8.00,7.00,6.00,0,'0000-00-00 00:00:00','0000-00-00 00:00:00',NULL,3),(116,7,'RUBEOLA IgM','RUBEOLA IgM index \'(control negativo : menor a 0.90)\n(control positivo   : mayor a 1.10) ',8.00,7.00,6.00,0,'0000-00-00 00:00:00','0000-00-00 00:00:00',NULL,3),(117,7,'TOXOPLASMA IgG','TOXOPLASMA IgG index \'(control negativo : menor a 0.90)\n(control positivo   : mayor a 1.10) \n(control positivo   : mayor a 1.10) ',10.00,7.00,6.00,0,'0000-00-00 00:00:00','0000-00-00 00:00:00',NULL,3),(118,7,'TOXOPLASMA IgM','TOXOPLASMA IgM index \'(control negativo: menor a 0.90)\n(control positivo: mayor a 1.10)',10.00,7.00,6.00,0,'0000-00-00 00:00:00','0000-00-00 00:00:00',NULL,3),(119,7,'V.D.R.L.','V.D.R.L. N/A \'N/A',5.00,3.00,3.00,0,'0000-00-00 00:00:00','0000-00-00 00:00:00',NULL,3),(120,7,'B-H.C.G','B-H.C.G UI/L \'1ra semana          10-30\n2da semana          30-100\n3ra semana         100-1.000\n4ta semana        1.000-10.000\n2do-3er mes       30.000->100.000\n2do trimestre    10.000-30.000\n3er trimestre      5.000-15.000\nHOMBRES/MARCADOR TUMORAL: hasta 5.0',12.00,8.00,8.00,0,'0000-00-00 00:00:00','0000-00-00 00:00:00',NULL,3),(121,7,'CORTISOL A.M.','CORTISOL A.M. µg/dL \'5.0-25.0 menos de 5 dias : 0.6-20.0\n2meses-15 años : 2.4-23.0\n16-18 años        : 2.4-29.0',10.00,10.00,10.00,0,'0000-00-00 00:00:00','0000-00-00 00:00:00',NULL,3),(122,7,'CORTISOL P.M.','CORTISOL P.M. µg/dL \'3.0-13.0',10.00,10.00,10.00,0,'0000-00-00 00:00:00','0000-00-00 00:00:00',NULL,3),(123,7,'D.H.E.A.S','D.H.E.A.S µg/mL \'10-162',12.00,10.00,10.00,0,'0000-00-00 00:00:00','0000-00-00 00:00:00',NULL,3),(124,7,'ESTRADIOL','ESTRADIOL ρg/mL \'10-158',12.00,8.00,8.00,0,'0000-00-00 00:00:00','0000-00-00 00:00:00',NULL,3),(125,7,'F.S.H','F.S.H mUI/mL \'fase folicular     3.30 - 11.30\nfase ovulatoria  5.20 - 20.40\nfase lutea        1.80 -  8.20                                    menopausia     48.60 - 143.90\nHOMBRES: 1.0 - 14.0',8.00,6.00,6.00,0,'0000-00-00 00:00:00','0000-00-00 00:00:00',NULL,3),(126,7,'FT3','FT3 ρg/mL \'1.40-4.20',8.00,6.00,6.00,0,'0000-00-00 00:00:00','0000-00-00 00:00:00',NULL,3),(127,7,'FT4','FT4 ηg/dL \'0.80-2.0',8.00,6.00,6.00,0,'0000-00-00 00:00:00','0000-00-00 00:00:00',NULL,3),(128,7,'HORMONA DE CRECIMIENTO','HORMONA DE CRECIMIENTO ηg/mL \'hasta 5.0',12.00,9.00,9.00,0,'0000-00-00 00:00:00','0000-00-00 00:00:00',NULL,3),(129,7,'INSULINA 2H POSTPARNDIAL','INSULINA 2H POSTPARNDIAL µUI/mL \'N/A',10.00,8.00,8.00,0,'0000-00-00 00:00:00','0000-00-00 00:00:00',NULL,3),(130,7,'INSULINA BASAL','INSULINA BASAL µUI/mL \'niños < 12 años    : menor a 10.0\nadultos                : 2.0-15.0\ndiabéticos tipo II   : 0.7-25.0',10.00,8.00,8.00,0,'0000-00-00 00:00:00','0000-00-00 00:00:00',NULL,3),(131,7,'INSULINA P.M','INSULINA P.M µUI/mL \'N/A',10.00,8.00,8.00,0,'0000-00-00 00:00:00','0000-00-00 00:00:00',NULL,3),(132,7,'L.H','L.H mUI/mL \'fase folicular      1.60 -  7.90\nfase ovulatoria  13.20 - 82.70\nfase lutea           0.70  -  9.90\nmenopausia      13.20 - 45.70\nHOMBRES: 0.70 - 7.40',8.00,6.00,6.00,0,'0000-00-00 00:00:00','0000-00-00 00:00:00',NULL,3),(133,7,'P.T.H (Hormona paratiroidea)','P.T.H (Hormona paratiroidea) ρg/mL \'15.0 - 65.0',20.00,15.00,15.00,0,'0000-00-00 00:00:00','0000-00-00 00:00:00',NULL,3),(134,7,'PEPTIDO \"C\"','PEPTIDO \"C\" ηg/mL \'0.80-4.20',15.00,10.00,10.00,0,'0000-00-00 00:00:00','0000-00-00 00:00:00',NULL,3),(135,7,'PROGESTERONA','PROGESTERONA ηg/mL \'10-159',12.00,8.00,8.00,0,'0000-00-00 00:00:00','0000-00-00 00:00:00',NULL,3),(136,7,'PROLACTINA','PROLACTINA ηg/mL \'hasta 20.0 HOMBRES: 1.50 - 12.0',12.00,8.00,6.00,0,'0000-00-00 00:00:00','0000-00-00 00:00:00',NULL,3),(137,7,'T3','T3 ηg/mL \'0.69-2.02',8.00,6.00,6.00,0,'0000-00-00 00:00:00','0000-00-00 00:00:00',NULL,3),(138,7,'T4','T4 µg/dL \'4.40-10.80 mujeres. 4.80 - 11.0',8.00,6.00,6.00,0,'0000-00-00 00:00:00','0000-00-00 00:00:00',NULL,3),(139,7,'TEST DE EMBARAZO','TEST DE EMBARAZO  \'',5.00,3.00,3.00,0,'0000-00-00 00:00:00','0000-00-00 00:00:00',NULL,3),(140,7,'TESTOSTERONA LIBRE','TESTOSTERONA LIBRE ρg/mL \'10-161',25.00,20.00,20.00,0,'0000-00-00 00:00:00','0000-00-00 00:00:00',NULL,3),(141,7,'TESTOSTERONA TOTAL','TESTOSTERONA TOTAL ηg/mL \'10-160',10.00,8.00,8.00,0,'0000-00-00 00:00:00','0000-00-00 00:00:00',NULL,3),(142,7,'TSH','TSH mUI/L \'0.35-4.50',10.00,8.00,8.00,0,'0000-00-00 00:00:00','0000-00-00 00:00:00',NULL,3),(143,8,'A.F.P.','A.F.P. ηg/mL \'hasta 8.5',15.00,10.00,10.00,0,'0000-00-00 00:00:00','0000-00-00 00:00:00',NULL,3),(144,8,'C.E.A','C.E.A ηg/mL \'menor a  5.0 en no fumadores\n                                   menor a 10.0 en fumadores.',15.00,10.00,10.00,0,'0000-00-00 00:00:00','0000-00-00 00:00:00',NULL,3),(145,8,'CA 125','CA 125 UI/mL \'hasta 35.0',15.00,12.00,12.00,0,'0000-00-00 00:00:00','0000-00-00 00:00:00',NULL,3),(146,8,'CA 15-3','CA 15-3 U/mL \'hasta 37.0',20.00,15.00,15.00,0,'0000-00-00 00:00:00','0000-00-00 00:00:00',NULL,3),(147,8,'CA 19-9','CA 19-9 U/mL \'hasta 40.0',25.00,15.00,15.00,0,'0000-00-00 00:00:00','0000-00-00 00:00:00',NULL,3),(148,8,'P.S.A. LIBRE','P.S.A. LIBRE  ηg/mL  \' hasta 1.3 Equivale al  00.00 %',10.00,8.00,8.00,0,'0000-00-00 00:00:00','0000-00-00 00:00:00',NULL,3),(149,8,'P.S.A. TOTAL','P.S.A. TOTAL  ηg/mL  \'hasta 4.0',8.00,6.00,6.00,0,'0000-00-00 00:00:00','0000-00-00 00:00:00',NULL,3),(150,8,'TIROGLOBULINA','TIROGLOBULINA  ηg/mL  \'10-176',15.00,12.00,12.00,0,'0000-00-00 00:00:00','0000-00-00 00:00:00',NULL,3),(151,9,'CALCIO IÓNICO','CALCIO IÓNICO mg/dL \'4.0-5.4',6.00,4.00,4.00,0,'0000-00-00 00:00:00','0000-00-00 00:00:00',NULL,3),(152,9,'CALCIO TOTAL','CALCIO TOTAL mg/dL \'8.5-10.5',4.00,3.00,3.00,0,'0000-00-00 00:00:00','0000-00-00 00:00:00',NULL,3),(153,9,'CLORO','CLORO mEq/L  \'98-106',4.00,3.00,3.00,0,'0000-00-00 00:00:00','0000-00-00 00:00:00',NULL,3),(154,9,'FÓSFORO','FÓSFORO mg/dL \'2.5-4.8 Niños : v. ref: 4.0-7.0)',4.00,3.00,3.00,0,'0000-00-00 00:00:00','0000-00-00 00:00:00',NULL,3),(155,9,'MAGNESIO','MAGNESIO mg/dL \' 1.9-2.5',4.00,3.00,3.00,0,'0000-00-00 00:00:00','0000-00-00 00:00:00',NULL,3),(156,9,'POTASIO','POTASIO mEq/L  \'3.5-5.0',4.00,3.00,3.00,0,'0000-00-00 00:00:00','0000-00-00 00:00:00',NULL,3),(157,9,'SODIO','SODIO mEq/L  \'135-150',4.00,3.00,3.00,0,'0000-00-00 00:00:00','0000-00-00 00:00:00',NULL,3),(167,11,'B.A.A.R','B.A.A.R N/A \'N/A',4.00,3.00,3.00,0,'0000-00-00 00:00:00','0000-00-00 00:00:00',NULL,5),(168,11,'CALCIO','CALCIO N/A \'N/A',5.00,3.00,3.00,0,'0000-00-00 00:00:00','0000-00-00 00:00:00',NULL,5),(169,11,'CLORO','CLORO N/A \'N/A',5.00,4.00,4.00,0,'0000-00-00 00:00:00','0000-00-00 00:00:00',NULL,5),(170,11,'DEPURACIÓN DE CREATININA','DEPURACIÓN DE CREATININA N/A \'N/A',10.00,5.00,5.00,0,'0000-00-00 00:00:00','0000-00-00 00:00:00',NULL,6),(171,11,'E.M.O.','E.M.O. N/A \'N/A',2.00,1.50,2.50,0,'0000-00-00 00:00:00','0000-00-00 00:00:00',NULL,5),(172,11,'GRAM DE GOTA FRESCA','GRAM DE GOTA FRESCA N/A \'N/A',3.00,1.50,1.50,0,'0000-00-00 00:00:00','0000-00-00 00:00:00',NULL,5),(173,11,'MICROALBUMINURIA','MICROALBUMINURIA ηg/dL \'hasta 20.0',10.00,5.00,4.00,0,'0000-00-00 00:00:00','0000-00-00 00:00:00',NULL,5),(174,11,'POTASIO','POTASIO N/A \'N/A',5.00,4.00,3.00,0,'0000-00-00 00:00:00','0000-00-00 00:00:00',NULL,5),(175,11,'PROTEÍNAS AL AZAR','PROTEÍNAS AL AZAR N/A \'N/A',3.00,1.50,1.50,0,'0000-00-00 00:00:00','0000-00-00 00:00:00',NULL,5),(176,11,'PROTEÍNAS EN 24 HORAS','PROTEÍNAS EN 24 HORAS N/A \'N/A',5.00,4.00,3.00,0,'0000-00-00 00:00:00','0000-00-00 00:00:00',NULL,6),(177,11,'SODIO','SODIO N/A \'N/A',5.00,4.00,3.00,0,'0000-00-00 00:00:00','0000-00-00 00:00:00',NULL,5),(178,11,'TEST DE EMBARAZO','TEST DE EMBARAZO N/A \'N/A',5.00,4.00,3.00,0,'0000-00-00 00:00:00','0000-00-00 00:00:00',NULL,5),(179,12,'ADENOVIRUS','ADENOVIRUS N/A \'N/A',8.00,4.00,4.00,0,'0000-00-00 00:00:00','0000-00-00 00:00:00',NULL,7),(180,12,'COPROLÓGICO- COPROPARASITARIO','COPROLÓGICO- COPROPARASITARIO N/A \'N/A',3.00,2.00,1.50,0,'0000-00-00 00:00:00','0000-00-00 00:00:00',NULL,7),(181,12,'COPROPARASITARIO SERIADO','COPROPARASITARIO SERIADO N/A \'N/A',8.00,6.00,6.00,0,'0000-00-00 00:00:00','0000-00-00 00:00:00',NULL,7),(182,12,'GIARDIA LAMBLIA Ag.','GIARDIA LAMBLIA Ag. N/A \'N/A',15.00,12.00,12.00,0,'0000-00-00 00:00:00','0000-00-00 00:00:00',NULL,7),(183,12,'HELICOBACTER PILORY Ag.','HELICOBACTER PILORY Ag. N/A \'N/A',15.00,12.00,12.00,0,'0000-00-00 00:00:00','0000-00-00 00:00:00',NULL,7),(184,12,'POLIMORFONUCLEARES','POLIMORFONUCLEARES N/A \'N/A',2.00,1.50,1.50,0,'0000-00-00 00:00:00','0000-00-00 00:00:00',NULL,7),(185,12,'ROTAVIRUS','ROTAVIRUS N/A \'N/A',8.00,6.00,6.00,0,'0000-00-00 00:00:00','0000-00-00 00:00:00',NULL,7),(186,12,'SANGRE OCULTA','SANGRE OCULTA N/A \'N/A',5.00,4.00,4.00,0,'0000-00-00 00:00:00','0000-00-00 00:00:00',NULL,7),(187,12,'SUBSTANCIAS REDUCTORAS','SUBSTANCIAS REDUCTORAS N/A \'N/A',5.00,3.00,3.00,0,'0000-00-00 00:00:00','0000-00-00 00:00:00',NULL,7),(193,2,'teste','<p>tes sdsdsd</p>',3.00,2.00,1.00,1,'2017-08-27 23:43:57','2017-08-27 23:44:48',NULL,7),(194,2,'teste','<p>sdsds</p>',4.00,3.00,2.00,1,'2017-08-27 23:49:30','2017-08-27 23:49:30',NULL,2);
/*!40000 ALTER TABLE `examens` ENABLE KEYS */;
UNLOCK TABLES;

--
-- Table structure for table `migrations`
--

DROP TABLE IF EXISTS `migrations`;
/*!40101 SET @saved_cs_client     = @@character_set_client */;
/*!40101 SET character_set_client = utf8 */;
CREATE TABLE `migrations` (
  `id` int(10) unsigned NOT NULL AUTO_INCREMENT,
  `migration` varchar(255) COLLATE utf8mb4_unicode_ci NOT NULL,
  `batch` int(11) NOT NULL,
  PRIMARY KEY (`id`)
) ENGINE=InnoDB AUTO_INCREMENT=143 DEFAULT CHARSET=utf8mb4 COLLATE=utf8mb4_unicode_ci;
/*!40101 SET character_set_client = @saved_cs_client */;

--
-- Dumping data for table `migrations`
--

LOCK TABLES `migrations` WRITE;
/*!40000 ALTER TABLE `migrations` DISABLE KEYS */;
INSERT INTO `migrations` VALUES (126,'2014_10_11_163655_create_tipousuarios_table',1),(127,'2014_10_12_000000_create_users_table',1),(128,'2014_10_12_100000_create_password_resets_table',1),(129,'2017_07_28_163755_create_tipoexamens_table',1),(130,'2017_07_28_163812_create_tipopacientes_table',1),(131,'2017_07_28_163941_create_muestras_table',1),(132,'2017_07_28_164030_create_examens_table',1),(133,'2017_08_01_052430_create_pacientes_table',1),(134,'2017_08_04_055053_create_orden_table',1),(135,'2017_08_04_055154_create_detalleorden_table',1),(136,'2017_08_04_055226_create_resultado_table',1),(137,'2017_08_23_043651_update_examen',1),(138,'2017_08_23_045003_create_examen_muestra',1),(139,'2017_08_23_045406_create_cliente',1),(140,'2017_08_23_050542_update_paciente',1),(141,'2017_08_23_051042_update_orden',1),(142,'2017_08_25_050456_update_pacientes',2);
/*!40000 ALTER TABLE `migrations` ENABLE KEYS */;
UNLOCK TABLES;

--
-- Table structure for table `muestras`
--

DROP TABLE IF EXISTS `muestras`;
/*!40101 SET @saved_cs_client     = @@character_set_client */;
/*!40101 SET character_set_client = utf8 */;
CREATE TABLE `muestras` (
  `id` int(10) unsigned NOT NULL AUTO_INCREMENT,
  `nombre` varchar(128) COLLATE utf8mb4_unicode_ci NOT NULL,
  `descripcion` varchar(512) COLLATE utf8mb4_unicode_ci NOT NULL,
  `estado` tinyint(4) NOT NULL,
  `created_at` timestamp NULL DEFAULT NULL,
  `updated_at` timestamp NULL DEFAULT NULL,
  `deleted_at` timestamp NULL DEFAULT NULL,
  PRIMARY KEY (`id`)
) ENGINE=InnoDB AUTO_INCREMENT=8 DEFAULT CHARSET=utf8mb4 COLLATE=utf8mb4_unicode_ci;
/*!40101 SET character_set_client = @saved_cs_client */;

--
-- Dumping data for table `muestras`
--

LOCK TABLES `muestras` WRITE;
/*!40000 ALTER TABLE `muestras` DISABLE KEYS */;
INSERT INTO `muestras` VALUES (1,'SANGRE EDTA.','SANGRE EDTA.',1,'0000-00-00 00:00:00','0000-00-00 00:00:00',NULL),(2,'SANGRE CAPILAR','SANGRE CAPILAR',1,'0000-00-00 00:00:00','0000-00-00 00:00:00',NULL),(3,'SUERO','SUERO',1,'0000-00-00 00:00:00','0000-00-00 00:00:00',NULL),(4,'PLASMA CITRATADO','PLASMA CITRATADO',1,'0000-00-00 00:00:00','0000-00-00 00:00:00',NULL),(5,'ORINA','ORINA',1,'0000-00-00 00:00:00','0000-00-00 00:00:00',NULL),(6,'ORINA 24 HORAS','ORINA 24 HORAS',1,'0000-00-00 00:00:00','0000-00-00 00:00:00',NULL),(7,'HECES','HECES',1,'0000-00-00 00:00:00','0000-00-00 00:00:00',NULL);
/*!40000 ALTER TABLE `muestras` ENABLE KEYS */;
UNLOCK TABLES;

--
-- Table structure for table `orden`
--

DROP TABLE IF EXISTS `orden`;
/*!40101 SET @saved_cs_client     = @@character_set_client */;
/*!40101 SET character_set_client = utf8 */;
CREATE TABLE `orden` (
  `id` int(10) unsigned NOT NULL AUTO_INCREMENT,
  `pacientes_id` int(10) unsigned NOT NULL,
  `user_id` int(11) NOT NULL,
  `fecha_emision` date NOT NULL,
  `fecha_entrega` datetime NOT NULL,
  `abono` decimal(5,2) NOT NULL,
  `tipo_pago` tinyint(4) NOT NULL,
  `iva` decimal(5,2) NOT NULL,
  `subtotal` decimal(5,2) NOT NULL,
  `total` decimal(5,2) NOT NULL,
  `estado` tinyint(4) NOT NULL,
  `created_at` timestamp NULL DEFAULT NULL,
  `updated_at` timestamp NULL DEFAULT NULL,
  `deleted_at` timestamp NULL DEFAULT NULL,
  `cliente_id` int(11) NOT NULL,
  `descuento` varchar(45) COLLATE utf8mb4_unicode_ci NOT NULL,
  PRIMARY KEY (`id`),
  KEY `orden_pacientes_id_foreign` (`pacientes_id`),
  CONSTRAINT `orden_pacientes_id_foreign` FOREIGN KEY (`pacientes_id`) REFERENCES `tipopacientes` (`id`)
) ENGINE=InnoDB AUTO_INCREMENT=2 DEFAULT CHARSET=utf8mb4 COLLATE=utf8mb4_unicode_ci;
/*!40101 SET character_set_client = @saved_cs_client */;

--
-- Dumping data for table `orden`
--

LOCK TABLES `orden` WRITE;
/*!40000 ALTER TABLE `orden` DISABLE KEYS */;
INSERT INTO `orden` VALUES (1,1,1,'2017-08-27','2017-08-27 18:59:03',0.00,1,0.00,5.00,5.00,1,'2017-08-27 23:59:03',NULL,NULL,0,'0');
/*!40000 ALTER TABLE `orden` ENABLE KEYS */;
UNLOCK TABLES;

--
-- Table structure for table `pacientes`
--

DROP TABLE IF EXISTS `pacientes`;
/*!40101 SET @saved_cs_client     = @@character_set_client */;
/*!40101 SET character_set_client = utf8 */;
CREATE TABLE `pacientes` (
  `id` int(10) unsigned NOT NULL AUTO_INCREMENT,
  `tipopacientes_id` int(10) unsigned NOT NULL,
  `cedula` varchar(13) COLLATE utf8mb4_unicode_ci DEFAULT NULL,
  `nombres` varchar(128) COLLATE utf8mb4_unicode_ci NOT NULL,
  `apellidos` varchar(128) COLLATE utf8mb4_unicode_ci DEFAULT NULL,
  `celular` varchar(10) COLLATE utf8mb4_unicode_ci DEFAULT NULL,
  `direccion` varchar(512) COLLATE utf8mb4_unicode_ci DEFAULT NULL,
  `telefono` varchar(10) COLLATE utf8mb4_unicode_ci DEFAULT NULL,
  `genero` varchar(3) COLLATE utf8mb4_unicode_ci NOT NULL,
  `enfermedades` varchar(1024) COLLATE utf8mb4_unicode_ci DEFAULT NULL,
  `estado` tinyint(4) NOT NULL,
  `created_at` timestamp NULL DEFAULT NULL,
  `updated_at` timestamp NULL DEFAULT NULL,
  `deleted_at` timestamp NULL DEFAULT NULL,
  `edad` int(11) NOT NULL,
  PRIMARY KEY (`id`),
  KEY `pacientes_tipopacientes_id_foreign` (`tipopacientes_id`),
  CONSTRAINT `pacientes_tipopacientes_id_foreign` FOREIGN KEY (`tipopacientes_id`) REFERENCES `tipopacientes` (`id`)
) ENGINE=InnoDB AUTO_INCREMENT=2 DEFAULT CHARSET=utf8mb4 COLLATE=utf8mb4_unicode_ci;
/*!40101 SET character_set_client = @saved_cs_client */;

--
-- Dumping data for table `pacientes`
--

LOCK TABLES `pacientes` WRITE;
/*!40000 ALTER TABLE `pacientes` DISABLE KEYS */;
INSERT INTO `pacientes` VALUES (1,1,NULL,'Fabian','Villa','0984816234','Calle 1','032943455','Mas','ninguno',1,'2017-08-25 15:41:40','2017-08-25 15:44:34',NULL,34);
/*!40000 ALTER TABLE `pacientes` ENABLE KEYS */;
UNLOCK TABLES;

--
-- Table structure for table `password_resets`
--

DROP TABLE IF EXISTS `password_resets`;
/*!40101 SET @saved_cs_client     = @@character_set_client */;
/*!40101 SET character_set_client = utf8 */;
CREATE TABLE `password_resets` (
  `email` varchar(255) COLLATE utf8mb4_unicode_ci NOT NULL,
  `token` varchar(255) COLLATE utf8mb4_unicode_ci NOT NULL,
  `created_at` timestamp NULL DEFAULT NULL,
  KEY `password_resets_email_index` (`email`(191))
) ENGINE=InnoDB DEFAULT CHARSET=utf8mb4 COLLATE=utf8mb4_unicode_ci;
/*!40101 SET character_set_client = @saved_cs_client */;

--
-- Dumping data for table `password_resets`
--

LOCK TABLES `password_resets` WRITE;
/*!40000 ALTER TABLE `password_resets` DISABLE KEYS */;
/*!40000 ALTER TABLE `password_resets` ENABLE KEYS */;
UNLOCK TABLES;

--
-- Table structure for table `resultado`
--

DROP TABLE IF EXISTS `resultado`;
/*!40101 SET @saved_cs_client     = @@character_set_client */;
/*!40101 SET character_set_client = utf8 */;
CREATE TABLE `resultado` (
  `id` int(10) unsigned NOT NULL AUTO_INCREMENT,
  `detalleorden_id` int(10) unsigned NOT NULL,
  `plantilla` text COLLATE utf8mb4_unicode_ci NOT NULL,
  `orden` tinyint(4) NOT NULL DEFAULT '0',
  `created_at` timestamp NULL DEFAULT NULL,
  `updated_at` timestamp NULL DEFAULT NULL,
  PRIMARY KEY (`id`),
  KEY `resultado_detalleorden_id_foreign` (`detalleorden_id`),
  CONSTRAINT `resultado_detalleorden_id_foreign` FOREIGN KEY (`detalleorden_id`) REFERENCES `detalleorden` (`id`)
) ENGINE=InnoDB DEFAULT CHARSET=utf8mb4 COLLATE=utf8mb4_unicode_ci;
/*!40101 SET character_set_client = @saved_cs_client */;

--
-- Dumping data for table `resultado`
--

LOCK TABLES `resultado` WRITE;
/*!40000 ALTER TABLE `resultado` DISABLE KEYS */;
/*!40000 ALTER TABLE `resultado` ENABLE KEYS */;
UNLOCK TABLES;

--
-- Table structure for table `tipoexamens`
--

DROP TABLE IF EXISTS `tipoexamens`;
/*!40101 SET @saved_cs_client     = @@character_set_client */;
/*!40101 SET character_set_client = utf8 */;
CREATE TABLE `tipoexamens` (
  `id` int(10) unsigned NOT NULL AUTO_INCREMENT,
  `nombre` varchar(128) COLLATE utf8mb4_unicode_ci NOT NULL,
  `estado` tinyint(4) NOT NULL,
  `created_at` timestamp NULL DEFAULT NULL,
  `updated_at` timestamp NULL DEFAULT NULL,
  `deleted_at` timestamp NULL DEFAULT NULL,
  PRIMARY KEY (`id`)
) ENGINE=InnoDB AUTO_INCREMENT=13 DEFAULT CHARSET=utf8mb4 COLLATE=utf8mb4_unicode_ci;
/*!40101 SET character_set_client = @saved_cs_client */;

--
-- Dumping data for table `tipoexamens`
--

LOCK TABLES `tipoexamens` WRITE;
/*!40000 ALTER TABLE `tipoexamens` DISABLE KEYS */;
INSERT INTO `tipoexamens` VALUES (1,'HEMATOLOG?A Y COAGULACIoN.',1,'0000-00-00 00:00:00','0000-00-00 00:00:00',NULL),(2,'QUIMICA SANGU?NEA',1,'0000-00-00 00:00:00','0000-00-00 00:00:00',NULL),(3,'ENZIMAS',1,'0000-00-00 00:00:00','0000-00-00 00:00:00',NULL),(4,'MARCADOR DE FASE AGUDA',1,'0000-00-00 00:00:00','0000-00-00 00:00:00',NULL),(5,'SERO-INMUNOLOGIA',1,'0000-00-00 00:00:00','0000-00-00 00:00:00',NULL),(6,'INMUNO-INFECCIOSAS',1,'0000-00-00 00:00:00','0000-00-00 00:00:00',NULL),(7,'HORMONAS',1,'0000-00-00 00:00:00','0000-00-00 00:00:00',NULL),(8,'MARCADORES TUMORALES',1,'0000-00-00 00:00:00','0000-00-00 00:00:00',NULL),(9,'ELECTROLITOS',1,'0000-00-00 00:00:00','0000-00-00 00:00:00',NULL),(10,'MICROBIOLOGIA',1,'0000-00-00 00:00:00','0000-00-00 00:00:00',NULL),(11,'ORINA',1,'0000-00-00 00:00:00','0000-00-00 00:00:00',NULL),(12,'HECES',1,'0000-00-00 00:00:00','0000-00-00 00:00:00',NULL);
/*!40000 ALTER TABLE `tipoexamens` ENABLE KEYS */;
UNLOCK TABLES;

--
-- Table structure for table `tipopacientes`
--

DROP TABLE IF EXISTS `tipopacientes`;
/*!40101 SET @saved_cs_client     = @@character_set_client */;
/*!40101 SET character_set_client = utf8 */;
CREATE TABLE `tipopacientes` (
  `id` int(10) unsigned NOT NULL AUTO_INCREMENT,
  `nombre` varchar(128) COLLATE utf8mb4_unicode_ci NOT NULL,
  `estado` tinyint(4) NOT NULL,
  `created_at` timestamp NULL DEFAULT NULL,
  `updated_at` timestamp NULL DEFAULT NULL,
  `deleted_at` timestamp NULL DEFAULT NULL,
  PRIMARY KEY (`id`)
) ENGINE=InnoDB AUTO_INCREMENT=4 DEFAULT CHARSET=utf8mb4 COLLATE=utf8mb4_unicode_ci;
/*!40101 SET character_set_client = @saved_cs_client */;

--
-- Dumping data for table `tipopacientes`
--

LOCK TABLES `tipopacientes` WRITE;
/*!40000 ALTER TABLE `tipopacientes` DISABLE KEYS */;
INSERT INTO `tipopacientes` VALUES (1,'Particular',1,'2017-08-25 15:34:35','2017-08-25 15:34:35',NULL),(2,'Laboratorios',1,'2017-08-25 15:34:44','2017-08-25 15:34:57',NULL),(3,'Clinicas',1,'2017-08-25 15:34:51','2017-08-25 15:34:51',NULL);
/*!40000 ALTER TABLE `tipopacientes` ENABLE KEYS */;
UNLOCK TABLES;

--
-- Table structure for table `tipousuarios`
--

DROP TABLE IF EXISTS `tipousuarios`;
/*!40101 SET @saved_cs_client     = @@character_set_client */;
/*!40101 SET character_set_client = utf8 */;
CREATE TABLE `tipousuarios` (
  `id` int(10) unsigned NOT NULL AUTO_INCREMENT,
  `nombre` varchar(128) COLLATE utf8mb4_unicode_ci NOT NULL,
  `estado` tinyint(4) NOT NULL,
  `created_at` timestamp NULL DEFAULT NULL,
  `updated_at` timestamp NULL DEFAULT NULL,
  `deleted_at` timestamp NULL DEFAULT NULL,
  PRIMARY KEY (`id`)
) ENGINE=InnoDB AUTO_INCREMENT=4 DEFAULT CHARSET=utf8mb4 COLLATE=utf8mb4_unicode_ci;
/*!40101 SET character_set_client = @saved_cs_client */;

--
-- Dumping data for table `tipousuarios`
--

LOCK TABLES `tipousuarios` WRITE;
/*!40000 ALTER TABLE `tipousuarios` DISABLE KEYS */;
INSERT INTO `tipousuarios` VALUES (1,'usuario 1',1,'2017-08-28 01:18:21','2017-08-28 04:15:14',NULL),(2,'other',1,'2017-08-28 04:15:23','2017-08-28 04:15:26','2017-08-28 04:15:26'),(3,'ssdsd',1,'2017-08-28 04:15:53','2017-08-28 04:15:57','2017-08-28 04:15:57');
/*!40000 ALTER TABLE `tipousuarios` ENABLE KEYS */;
UNLOCK TABLES;
/*!40103 SET TIME_ZONE=@OLD_TIME_ZONE */;

/*!40101 SET SQL_MODE=@OLD_SQL_MODE */;
/*!40014 SET FOREIGN_KEY_CHECKS=@OLD_FOREIGN_KEY_CHECKS */;
/*!40014 SET UNIQUE_CHECKS=@OLD_UNIQUE_CHECKS */;
/*!40101 SET CHARACTER_SET_CLIENT=@OLD_CHARACTER_SET_CLIENT */;
/*!40101 SET CHARACTER_SET_RESULTS=@OLD_CHARACTER_SET_RESULTS */;
/*!40101 SET COLLATION_CONNECTION=@OLD_COLLATION_CONNECTION */;
/*!40111 SET SQL_NOTES=@OLD_SQL_NOTES */;

-- Dump completed on 2017-08-27 19:29:02
