CREATE DATABASE  IF NOT EXISTS `laboratorio` /*!40100 DEFAULT CHARACTER SET latin1 */;
USE `laboratorio`;
-- MySQL dump 10.13  Distrib 5.7.20, for Linux (x86_64)
--
-- Host: localhost    Database: laboratorio
-- ------------------------------------------------------
-- Server version	5.7.20-0ubuntu0.16.04.1

/*!40101 SET @OLD_CHARACTER_SET_CLIENT=@@CHARACTER_SET_CLIENT */;
/*!40101 SET @OLD_CHARACTER_SET_RESULTS=@@CHARACTER_SET_RESULTS */;
/*!40101 SET @OLD_COLLATION_CONNECTION=@@COLLATION_CONNECTION */;
/*!40101 SET NAMES utf8 */;
/*!40103 SET @OLD_TIME_ZONE=@@TIME_ZONE */;
/*!40103 SET TIME_ZONE='+00:00' */;
/*!40014 SET @OLD_UNIQUE_CHECKS=@@UNIQUE_CHECKS, UNIQUE_CHECKS=0 */;
/*!40014 SET @OLD_FOREIGN_KEY_CHECKS=@@FOREIGN_KEY_CHECKS, FOREIGN_KEY_CHECKS=0 */;
/*!40101 SET @OLD_SQL_MODE=@@SQL_MODE, SQL_MODE='NO_AUTO_VALUE_ON_ZERO' */;
/*!40111 SET @OLD_SQL_NOTES=@@SQL_NOTES, SQL_NOTES=0 */;

--
-- Table structure for table `clientes`
--

DROP TABLE IF EXISTS `clientes`;
/*!40101 SET @saved_cs_client     = @@character_set_client */;
/*!40101 SET character_set_client = utf8 */;
CREATE TABLE `clientes` (
  `id` int(10) unsigned NOT NULL AUTO_INCREMENT,
  `cedula` varchar(13) COLLATE utf8mb4_unicode_ci NOT NULL,
  `nombres` varchar(128) COLLATE utf8mb4_unicode_ci NOT NULL,
  `apellidos` varchar(128) COLLATE utf8mb4_unicode_ci DEFAULT NULL,
  `direccion` varchar(512) COLLATE utf8mb4_unicode_ci DEFAULT NULL,
  `telefono` varchar(10) COLLATE utf8mb4_unicode_ci DEFAULT NULL,
  `estado` tinyint(4) NOT NULL,
  `created_at` timestamp NULL DEFAULT NULL,
  `updated_at` timestamp NULL DEFAULT NULL,
  `deleted_at` timestamp NULL DEFAULT NULL,
  PRIMARY KEY (`id`)
) ENGINE=InnoDB AUTO_INCREMENT=5 DEFAULT CHARSET=utf8mb4 COLLATE=utf8mb4_unicode_ci;
/*!40101 SET character_set_client = @saved_cs_client */;

--
-- Dumping data for table `clientes`
--

LOCK TABLES `clientes` WRITE;
/*!40000 ALTER TABLE `clientes` DISABLE KEYS */;
INSERT INTO `clientes` VALUES (1,'0603718578','Fabian','Cherees','casas',NULL,1,'2017-08-27 19:17:02','2017-08-27 19:22:54',NULL),(2,'0637382924','CArla','Manzo','Calle 1','343334334',1,'2017-08-27 19:27:18','2017-08-27 19:27:33','2017-08-27 19:27:33'),(3,'0637382924','maria','peres','asas',NULL,1,'2017-08-27 20:12:39','2017-08-27 20:14:13','2017-08-27 20:14:13'),(4,'0603718573','Carlos','Montes','Los Pinos','297171711',1,'2017-08-27 22:17:31','2017-10-09 03:02:21',NULL);
/*!40000 ALTER TABLE `clientes` ENABLE KEYS */;
UNLOCK TABLES;

--
-- Table structure for table `codigosorden`
--

DROP TABLE IF EXISTS `codigosorden`;
/*!40101 SET @saved_cs_client     = @@character_set_client */;
/*!40101 SET character_set_client = utf8 */;
CREATE TABLE `codigosorden` (
  `id` int(11) NOT NULL AUTO_INCREMENT,
  `cedula` varchar(45) NOT NULL,
  `fecha` datetime NOT NULL,
  `codigo` varchar(45) NOT NULL,
  `orden_id` int(10) unsigned NOT NULL,
  `deleted_at` datetime DEFAULT NULL,
  PRIMARY KEY (`id`),
  KEY `fkorden_idx` (`orden_id`),
  CONSTRAINT `fkorden` FOREIGN KEY (`orden_id`) REFERENCES `orden` (`id`) ON DELETE NO ACTION ON UPDATE NO ACTION
) ENGINE=InnoDB AUTO_INCREMENT=30 DEFAULT CHARSET=latin1;
/*!40101 SET character_set_client = @saved_cs_client */;

--
-- Dumping data for table `codigosorden`
--

LOCK TABLES `codigosorden` WRITE;
/*!40000 ALTER TABLE `codigosorden` DISABLE KEYS */;
INSERT INTO `codigosorden` VALUES (16,'0600324001','2017-10-15 02:39:51','DEU96Y',14,NULL),(17,'0600324001','2017-10-15 03:03:18','OI2YSP',16,NULL),(18,'0600324001','2017-10-15 03:03:42','X7B2U6',15,NULL),(19,'0','2017-11-18 20:45:27','N5CWGC',21,NULL),(20,'0603147802','2017-11-22 15:38:19','9KO39U',22,NULL),(21,'0637382926','2017-11-28 00:41:24','ZB2BSG',26,NULL),(22,'0637382926','2017-12-01 05:16:34','ST2PBI',27,NULL),(23,'0603108770','2017-12-04 22:53:01','HFRG1T',29,NULL),(24,'0603108770','2017-12-04 22:53:26','020Z5K',28,NULL),(25,'0637382926','2017-12-21 00:09:38','7Y143G',33,NULL),(26,'0603108770','2017-12-21 00:24:48','PXR1BZ',34,NULL),(27,'0637382926','2017-12-21 00:26:46','7C7418',25,NULL),(28,'0603108770','2018-01-03 20:47:42','TUC8MC',36,NULL),(29,'0603108770','2018-01-04 17:53:44','BGP0F4',37,NULL);
/*!40000 ALTER TABLE `codigosorden` ENABLE KEYS */;
UNLOCK TABLES;

--
-- Table structure for table `detalleorden`
--

DROP TABLE IF EXISTS `detalleorden`;
/*!40101 SET @saved_cs_client     = @@character_set_client */;
/*!40101 SET character_set_client = utf8 */;
CREATE TABLE `detalleorden` (
  `id` int(10) unsigned NOT NULL AUTO_INCREMENT,
  `orden_id` int(10) unsigned NOT NULL,
  `examens_id` int(10) unsigned NOT NULL,
  `created_at` timestamp NULL DEFAULT NULL,
  `updated_at` timestamp NULL DEFAULT NULL,
  `precio` decimal(5,2) NOT NULL,
  `muestra_id` int(11) NOT NULL,
  PRIMARY KEY (`id`),
  KEY `detalleorden_orden_id_foreign` (`orden_id`),
  KEY `detalleorden_examens_id_foreign` (`examens_id`),
  CONSTRAINT `detalleorden_examens_id_foreign` FOREIGN KEY (`examens_id`) REFERENCES `examens` (`id`),
  CONSTRAINT `detalleorden_orden_id_foreign` FOREIGN KEY (`orden_id`) REFERENCES `orden` (`id`)
) ENGINE=InnoDB AUTO_INCREMENT=67 DEFAULT CHARSET=utf8mb4 COLLATE=utf8mb4_unicode_ci;
/*!40101 SET character_set_client = @saved_cs_client */;

--
-- Dumping data for table `detalleorden`
--

LOCK TABLES `detalleorden` WRITE;
/*!40000 ALTER TABLE `detalleorden` DISABLE KEYS */;
INSERT INTO `detalleorden` VALUES (1,17,3,'2017-11-09 08:36:47',NULL,2.50,1),(2,18,2,'2017-11-11 08:03:17',NULL,2.00,1),(3,18,3,'2017-11-11 08:03:17',NULL,2.50,1),(4,19,1,'2017-11-19 01:21:29',NULL,10.00,1),(5,19,2,'2017-11-19 01:21:29',NULL,2.00,1),(6,19,3,'2017-11-19 01:21:29',NULL,2.50,1),(7,20,1,'2017-11-19 01:33:36',NULL,10.00,1),(8,20,46,'2017-11-19 01:33:36',NULL,4.00,9),(19,21,24,'2017-11-19 03:20:31',NULL,2.50,10),(20,21,46,'2017-11-19 03:20:31',NULL,4.00,9),(21,21,47,'2017-11-19 03:20:31',NULL,4.00,9),(22,21,48,'2017-11-19 03:20:31',NULL,5.00,9),(23,22,1,'2017-11-22 20:37:20',NULL,10.00,1),(24,22,2,'2017-11-22 20:37:20',NULL,2.50,1),(25,22,46,'2017-11-22 20:37:20',NULL,4.00,3),(26,22,47,'2017-11-22 20:37:20',NULL,4.00,3),(27,23,1,'2017-11-26 07:13:27',NULL,10.00,1),(28,23,2,'2017-11-26 07:13:27',NULL,2.50,1),(29,24,1,'2017-11-27 09:34:58',NULL,10.00,1),(30,24,2,'2017-11-27 09:34:58',NULL,2.50,1),(31,25,10,'2017-11-28 03:35:57',NULL,8.00,1),(32,25,58,'2017-11-28 03:35:57',NULL,40.00,7),(35,26,7,'2017-11-28 04:53:29',NULL,4.00,1),(36,26,10,'2017-11-28 04:53:29',NULL,8.00,1),(37,26,12,'2017-11-28 04:53:29',NULL,15.00,1),(38,26,58,'2017-11-28 04:53:29',NULL,40.00,7),(39,26,175,'2017-11-28 04:53:29',NULL,8.00,15),(40,26,176,'2017-11-28 04:53:29',NULL,8.00,15),(41,27,58,'2017-11-28 06:32:34',NULL,40.00,7),(44,28,3,'2017-12-02 09:50:36',NULL,2.50,1),(45,28,21,'2017-12-02 09:50:36',NULL,2.00,4),(46,28,142,'2017-12-02 09:50:36',NULL,4.00,12),(49,29,58,'2017-12-04 08:05:48',NULL,30.00,7),(50,29,172,'2017-12-04 08:05:48',NULL,1.50,15),(51,30,58,'2017-12-05 04:55:16',NULL,30.00,7),(52,30,175,'2017-12-05 04:55:16',NULL,6.00,15),(53,31,1,'2017-12-05 05:13:08',NULL,10.00,1),(55,33,58,'2017-12-09 11:15:09',NULL,40.00,7),(57,32,4,'2017-12-09 11:29:29',NULL,2.00,2),(59,34,1,'2017-12-21 05:13:04',NULL,10.00,1),(60,35,1,'2018-01-04 01:06:01',NULL,10.00,1),(61,35,2,'2018-01-04 01:06:01',NULL,2.50,1),(64,36,1,'2018-01-04 01:47:34',NULL,10.00,1),(65,37,1,'2018-01-04 22:53:41',NULL,10.00,1),(66,37,2,'2018-01-04 22:53:41',NULL,2.50,1);
/*!40000 ALTER TABLE `detalleorden` ENABLE KEYS */;
UNLOCK TABLES;

--
-- Table structure for table `entidad`
--

DROP TABLE IF EXISTS `entidad`;
/*!40101 SET @saved_cs_client     = @@character_set_client */;
/*!40101 SET character_set_client = utf8 */;
CREATE TABLE `entidad` (
  `id` int(10) unsigned NOT NULL AUTO_INCREMENT,
  `nombre` varchar(128) CHARACTER SET utf8mb4 COLLATE utf8mb4_unicode_ci NOT NULL,
  `estado` tinyint(4) NOT NULL,
  `created_at` timestamp NULL DEFAULT NULL,
  `updated_at` timestamp NULL DEFAULT NULL,
  `deleted_at` timestamp NULL DEFAULT NULL,
  PRIMARY KEY (`id`)
) ENGINE=InnoDB AUTO_INCREMENT=3 DEFAULT CHARSET=latin1;
/*!40101 SET character_set_client = @saved_cs_client */;

--
-- Dumping data for table `entidad`
--

LOCK TABLES `entidad` WRITE;
/*!40000 ALTER TABLE `entidad` DISABLE KEYS */;
INSERT INTO `entidad` VALUES (1,'Matriz',1,'2018-01-05 09:42:05','2018-01-05 09:43:24',NULL),(2,'Sucursal',1,'2018-01-05 09:42:50','2018-01-05 09:42:50',NULL);
/*!40000 ALTER TABLE `entidad` ENABLE KEYS */;
UNLOCK TABLES;

--
-- Table structure for table `examan_muestra`
--

DROP TABLE IF EXISTS `examan_muestra`;
/*!40101 SET @saved_cs_client     = @@character_set_client */;
/*!40101 SET character_set_client = utf8 */;
CREATE TABLE `examan_muestra` (
  `id` int(10) unsigned NOT NULL AUTO_INCREMENT,
  `examan_id` int(10) unsigned NOT NULL,
  `muestra_id` int(10) unsigned NOT NULL,
  `created_at` timestamp NULL DEFAULT NULL,
  `updated_at` timestamp NULL DEFAULT NULL,
  `deleted_at` timestamp NULL DEFAULT NULL,
  PRIMARY KEY (`id`),
  KEY `examenmuestra_examens_id_foreign` (`examan_id`),
  KEY `examenmuestra_muestras_id_foreign` (`muestra_id`)
) ENGINE=InnoDB AUTO_INCREMENT=185 DEFAULT CHARSET=utf8mb4 COLLATE=utf8mb4_unicode_ci;
/*!40101 SET character_set_client = @saved_cs_client */;

--
-- Dumping data for table `examan_muestra`
--

LOCK TABLES `examan_muestra` WRITE;
/*!40000 ALTER TABLE `examan_muestra` DISABLE KEYS */;
INSERT INTO `examan_muestra` VALUES (1,1,1,'0000-00-00 00:00:00','0000-00-00 00:00:00','0000-00-00 00:00:00'),(2,2,1,'0000-00-00 00:00:00','0000-00-00 00:00:00','0000-00-00 00:00:00'),(3,3,1,'0000-00-00 00:00:00','0000-00-00 00:00:00','0000-00-00 00:00:00'),(4,4,1,'0000-00-00 00:00:00','0000-00-00 00:00:00','0000-00-00 00:00:00'),(5,5,1,'0000-00-00 00:00:00','0000-00-00 00:00:00','0000-00-00 00:00:00'),(6,6,1,'0000-00-00 00:00:00','0000-00-00 00:00:00','0000-00-00 00:00:00'),(7,7,1,'0000-00-00 00:00:00','0000-00-00 00:00:00','0000-00-00 00:00:00'),(8,8,1,'0000-00-00 00:00:00','0000-00-00 00:00:00','0000-00-00 00:00:00'),(9,9,1,'0000-00-00 00:00:00','0000-00-00 00:00:00','0000-00-00 00:00:00'),(10,10,1,'0000-00-00 00:00:00','0000-00-00 00:00:00','0000-00-00 00:00:00'),(11,11,1,'0000-00-00 00:00:00','0000-00-00 00:00:00','0000-00-00 00:00:00'),(12,12,1,'0000-00-00 00:00:00','0000-00-00 00:00:00','0000-00-00 00:00:00'),(13,13,1,'0000-00-00 00:00:00','0000-00-00 00:00:00','0000-00-00 00:00:00'),(14,14,1,'0000-00-00 00:00:00','0000-00-00 00:00:00','0000-00-00 00:00:00'),(15,15,1,'0000-00-00 00:00:00','0000-00-00 00:00:00','0000-00-00 00:00:00'),(16,16,1,'0000-00-00 00:00:00','0000-00-00 00:00:00','0000-00-00 00:00:00'),(17,17,2,'0000-00-00 00:00:00','0000-00-00 00:00:00','0000-00-00 00:00:00'),(18,18,3,'0000-00-00 00:00:00','0000-00-00 00:00:00','0000-00-00 00:00:00'),(19,19,1,'0000-00-00 00:00:00','0000-00-00 00:00:00','0000-00-00 00:00:00'),(20,20,2,'0000-00-00 00:00:00','0000-00-00 00:00:00','0000-00-00 00:00:00'),(21,21,4,'0000-00-00 00:00:00','0000-00-00 00:00:00','0000-00-00 00:00:00'),(22,22,3,'0000-00-00 00:00:00','0000-00-00 00:00:00','0000-00-00 00:00:00'),(23,23,4,'0000-00-00 00:00:00','0000-00-00 00:00:00','0000-00-00 00:00:00'),(24,24,1,'0000-00-00 00:00:00','0000-00-00 00:00:00','0000-00-00 00:00:00'),(25,25,3,'0000-00-00 00:00:00','0000-00-00 00:00:00','0000-00-00 00:00:00'),(26,26,4,'0000-00-00 00:00:00','0000-00-00 00:00:00','0000-00-00 00:00:00'),(27,27,4,'0000-00-00 00:00:00','0000-00-00 00:00:00','0000-00-00 00:00:00'),(28,28,4,'0000-00-00 00:00:00','0000-00-00 00:00:00','0000-00-00 00:00:00'),(29,29,4,'0000-00-00 00:00:00','0000-00-00 00:00:00','0000-00-00 00:00:00'),(30,30,4,'0000-00-00 00:00:00','0000-00-00 00:00:00','0000-00-00 00:00:00'),(31,31,3,'0000-00-00 00:00:00','0000-00-00 00:00:00','0000-00-00 00:00:00'),(32,32,3,'0000-00-00 00:00:00','0000-00-00 00:00:00','0000-00-00 00:00:00'),(33,33,3,'0000-00-00 00:00:00','0000-00-00 00:00:00','0000-00-00 00:00:00'),(34,34,3,'0000-00-00 00:00:00','0000-00-00 00:00:00','0000-00-00 00:00:00'),(35,35,3,'0000-00-00 00:00:00','0000-00-00 00:00:00','0000-00-00 00:00:00'),(36,36,3,'0000-00-00 00:00:00','0000-00-00 00:00:00','0000-00-00 00:00:00'),(37,37,3,'0000-00-00 00:00:00','0000-00-00 00:00:00','0000-00-00 00:00:00'),(38,38,3,'0000-00-00 00:00:00','0000-00-00 00:00:00','0000-00-00 00:00:00'),(39,39,3,'0000-00-00 00:00:00','0000-00-00 00:00:00','0000-00-00 00:00:00'),(40,40,3,'0000-00-00 00:00:00','0000-00-00 00:00:00','0000-00-00 00:00:00'),(41,41,3,'0000-00-00 00:00:00','0000-00-00 00:00:00','0000-00-00 00:00:00'),(42,42,3,'0000-00-00 00:00:00','0000-00-00 00:00:00','0000-00-00 00:00:00'),(43,43,3,'0000-00-00 00:00:00','0000-00-00 00:00:00','0000-00-00 00:00:00'),(44,44,3,'0000-00-00 00:00:00','0000-00-00 00:00:00','0000-00-00 00:00:00'),(45,45,3,'0000-00-00 00:00:00','0000-00-00 00:00:00','0000-00-00 00:00:00'),(46,46,3,'0000-00-00 00:00:00','0000-00-00 00:00:00','0000-00-00 00:00:00'),(47,47,3,'0000-00-00 00:00:00','0000-00-00 00:00:00','0000-00-00 00:00:00'),(48,48,1,'0000-00-00 00:00:00','0000-00-00 00:00:00','0000-00-00 00:00:00'),(49,49,3,'0000-00-00 00:00:00','0000-00-00 00:00:00','0000-00-00 00:00:00'),(50,50,3,'0000-00-00 00:00:00','0000-00-00 00:00:00','0000-00-00 00:00:00'),(51,51,3,'0000-00-00 00:00:00','0000-00-00 00:00:00','0000-00-00 00:00:00'),(52,52,3,'0000-00-00 00:00:00','0000-00-00 00:00:00','0000-00-00 00:00:00'),(53,53,3,'0000-00-00 00:00:00','0000-00-00 00:00:00','0000-00-00 00:00:00'),(54,54,3,'0000-00-00 00:00:00','0000-00-00 00:00:00','0000-00-00 00:00:00'),(55,55,3,'0000-00-00 00:00:00','0000-00-00 00:00:00','0000-00-00 00:00:00'),(56,56,3,'0000-00-00 00:00:00','0000-00-00 00:00:00','0000-00-00 00:00:00'),(57,57,3,'0000-00-00 00:00:00','0000-00-00 00:00:00','0000-00-00 00:00:00'),(58,58,3,'0000-00-00 00:00:00','0000-00-00 00:00:00','0000-00-00 00:00:00'),(59,59,3,'0000-00-00 00:00:00','0000-00-00 00:00:00','0000-00-00 00:00:00'),(60,60,3,'0000-00-00 00:00:00','0000-00-00 00:00:00','0000-00-00 00:00:00'),(61,61,3,'0000-00-00 00:00:00','0000-00-00 00:00:00','0000-00-00 00:00:00'),(62,62,3,'0000-00-00 00:00:00','0000-00-00 00:00:00','0000-00-00 00:00:00'),(63,63,3,'0000-00-00 00:00:00','0000-00-00 00:00:00','0000-00-00 00:00:00'),(64,64,3,'0000-00-00 00:00:00','0000-00-00 00:00:00','0000-00-00 00:00:00'),(65,65,3,'0000-00-00 00:00:00','0000-00-00 00:00:00','0000-00-00 00:00:00'),(66,66,3,'0000-00-00 00:00:00','0000-00-00 00:00:00','0000-00-00 00:00:00'),(67,67,3,'0000-00-00 00:00:00','0000-00-00 00:00:00','0000-00-00 00:00:00'),(68,68,3,'0000-00-00 00:00:00','0000-00-00 00:00:00','0000-00-00 00:00:00'),(69,69,3,'0000-00-00 00:00:00','0000-00-00 00:00:00','0000-00-00 00:00:00'),(70,70,3,'0000-00-00 00:00:00','0000-00-00 00:00:00','0000-00-00 00:00:00'),(71,71,3,'0000-00-00 00:00:00','0000-00-00 00:00:00','0000-00-00 00:00:00'),(72,72,3,'0000-00-00 00:00:00','0000-00-00 00:00:00','0000-00-00 00:00:00'),(73,73,3,'0000-00-00 00:00:00','0000-00-00 00:00:00','0000-00-00 00:00:00'),(74,74,3,'0000-00-00 00:00:00','0000-00-00 00:00:00','0000-00-00 00:00:00'),(75,75,3,'0000-00-00 00:00:00','0000-00-00 00:00:00','0000-00-00 00:00:00'),(76,76,3,'0000-00-00 00:00:00','0000-00-00 00:00:00','0000-00-00 00:00:00'),(77,77,3,'0000-00-00 00:00:00','0000-00-00 00:00:00','0000-00-00 00:00:00'),(78,78,3,'0000-00-00 00:00:00','0000-00-00 00:00:00','0000-00-00 00:00:00'),(79,79,3,'0000-00-00 00:00:00','0000-00-00 00:00:00','0000-00-00 00:00:00'),(80,80,3,'0000-00-00 00:00:00','0000-00-00 00:00:00','0000-00-00 00:00:00'),(81,81,3,'0000-00-00 00:00:00','0000-00-00 00:00:00','0000-00-00 00:00:00'),(82,82,3,'0000-00-00 00:00:00','0000-00-00 00:00:00','0000-00-00 00:00:00'),(83,83,3,'0000-00-00 00:00:00','0000-00-00 00:00:00','0000-00-00 00:00:00'),(84,84,3,'0000-00-00 00:00:00','0000-00-00 00:00:00','0000-00-00 00:00:00'),(85,85,3,'0000-00-00 00:00:00','0000-00-00 00:00:00','0000-00-00 00:00:00'),(86,86,3,'0000-00-00 00:00:00','0000-00-00 00:00:00','0000-00-00 00:00:00'),(87,87,3,'0000-00-00 00:00:00','0000-00-00 00:00:00','0000-00-00 00:00:00'),(88,88,3,'0000-00-00 00:00:00','0000-00-00 00:00:00','0000-00-00 00:00:00'),(89,89,3,'0000-00-00 00:00:00','0000-00-00 00:00:00','0000-00-00 00:00:00'),(90,90,3,'0000-00-00 00:00:00','0000-00-00 00:00:00','0000-00-00 00:00:00'),(91,91,3,'0000-00-00 00:00:00','0000-00-00 00:00:00','0000-00-00 00:00:00'),(92,92,3,'0000-00-00 00:00:00','0000-00-00 00:00:00','0000-00-00 00:00:00'),(93,93,3,'0000-00-00 00:00:00','0000-00-00 00:00:00','0000-00-00 00:00:00'),(94,94,3,'0000-00-00 00:00:00','0000-00-00 00:00:00','0000-00-00 00:00:00'),(95,95,3,'0000-00-00 00:00:00','0000-00-00 00:00:00','0000-00-00 00:00:00'),(96,96,3,'0000-00-00 00:00:00','0000-00-00 00:00:00','0000-00-00 00:00:00'),(97,97,3,'0000-00-00 00:00:00','0000-00-00 00:00:00','0000-00-00 00:00:00'),(98,98,3,'0000-00-00 00:00:00','0000-00-00 00:00:00','0000-00-00 00:00:00'),(99,99,3,'0000-00-00 00:00:00','0000-00-00 00:00:00','0000-00-00 00:00:00'),(100,100,3,'0000-00-00 00:00:00','0000-00-00 00:00:00','0000-00-00 00:00:00'),(101,101,3,'0000-00-00 00:00:00','0000-00-00 00:00:00','0000-00-00 00:00:00'),(102,102,3,'0000-00-00 00:00:00','0000-00-00 00:00:00','0000-00-00 00:00:00'),(103,103,3,'0000-00-00 00:00:00','0000-00-00 00:00:00','0000-00-00 00:00:00'),(104,104,3,'0000-00-00 00:00:00','0000-00-00 00:00:00','0000-00-00 00:00:00'),(105,105,3,'0000-00-00 00:00:00','0000-00-00 00:00:00','0000-00-00 00:00:00'),(106,106,3,'0000-00-00 00:00:00','0000-00-00 00:00:00','0000-00-00 00:00:00'),(107,107,3,'0000-00-00 00:00:00','0000-00-00 00:00:00','0000-00-00 00:00:00'),(108,108,3,'0000-00-00 00:00:00','0000-00-00 00:00:00','0000-00-00 00:00:00'),(109,109,3,'0000-00-00 00:00:00','0000-00-00 00:00:00','0000-00-00 00:00:00'),(110,110,3,'0000-00-00 00:00:00','0000-00-00 00:00:00','0000-00-00 00:00:00'),(111,111,3,'0000-00-00 00:00:00','0000-00-00 00:00:00','0000-00-00 00:00:00'),(112,112,3,'0000-00-00 00:00:00','0000-00-00 00:00:00','0000-00-00 00:00:00'),(113,113,3,'0000-00-00 00:00:00','0000-00-00 00:00:00','0000-00-00 00:00:00'),(114,114,3,'0000-00-00 00:00:00','0000-00-00 00:00:00','0000-00-00 00:00:00'),(115,115,3,'0000-00-00 00:00:00','0000-00-00 00:00:00','0000-00-00 00:00:00'),(116,116,3,'0000-00-00 00:00:00','0000-00-00 00:00:00','0000-00-00 00:00:00'),(117,117,3,'0000-00-00 00:00:00','0000-00-00 00:00:00','0000-00-00 00:00:00'),(118,118,3,'0000-00-00 00:00:00','0000-00-00 00:00:00','0000-00-00 00:00:00'),(119,119,3,'0000-00-00 00:00:00','0000-00-00 00:00:00','0000-00-00 00:00:00'),(120,120,3,'0000-00-00 00:00:00','0000-00-00 00:00:00','0000-00-00 00:00:00'),(121,121,3,'0000-00-00 00:00:00','0000-00-00 00:00:00','0000-00-00 00:00:00'),(122,122,3,'0000-00-00 00:00:00','0000-00-00 00:00:00','0000-00-00 00:00:00'),(123,123,3,'0000-00-00 00:00:00','0000-00-00 00:00:00','0000-00-00 00:00:00'),(124,124,3,'0000-00-00 00:00:00','0000-00-00 00:00:00','0000-00-00 00:00:00'),(125,125,3,'0000-00-00 00:00:00','0000-00-00 00:00:00','0000-00-00 00:00:00'),(126,126,3,'0000-00-00 00:00:00','0000-00-00 00:00:00','0000-00-00 00:00:00'),(127,127,3,'0000-00-00 00:00:00','0000-00-00 00:00:00','0000-00-00 00:00:00'),(128,128,3,'0000-00-00 00:00:00','0000-00-00 00:00:00','0000-00-00 00:00:00'),(129,129,3,'0000-00-00 00:00:00','0000-00-00 00:00:00','0000-00-00 00:00:00'),(130,130,3,'0000-00-00 00:00:00','0000-00-00 00:00:00','0000-00-00 00:00:00'),(131,131,3,'0000-00-00 00:00:00','0000-00-00 00:00:00','0000-00-00 00:00:00'),(132,132,3,'0000-00-00 00:00:00','0000-00-00 00:00:00','0000-00-00 00:00:00'),(133,133,3,'0000-00-00 00:00:00','0000-00-00 00:00:00','0000-00-00 00:00:00'),(134,134,3,'0000-00-00 00:00:00','0000-00-00 00:00:00','0000-00-00 00:00:00'),(135,135,3,'0000-00-00 00:00:00','0000-00-00 00:00:00','0000-00-00 00:00:00'),(136,136,3,'0000-00-00 00:00:00','0000-00-00 00:00:00','0000-00-00 00:00:00'),(137,137,3,'0000-00-00 00:00:00','0000-00-00 00:00:00','0000-00-00 00:00:00'),(138,138,3,'0000-00-00 00:00:00','0000-00-00 00:00:00','0000-00-00 00:00:00'),(139,139,3,'0000-00-00 00:00:00','0000-00-00 00:00:00','0000-00-00 00:00:00'),(140,140,3,'0000-00-00 00:00:00','0000-00-00 00:00:00','0000-00-00 00:00:00'),(141,141,3,'0000-00-00 00:00:00','0000-00-00 00:00:00','0000-00-00 00:00:00'),(142,142,3,'0000-00-00 00:00:00','0000-00-00 00:00:00','0000-00-00 00:00:00'),(143,143,3,'0000-00-00 00:00:00','0000-00-00 00:00:00','0000-00-00 00:00:00'),(144,144,3,'0000-00-00 00:00:00','0000-00-00 00:00:00','0000-00-00 00:00:00'),(145,145,3,'0000-00-00 00:00:00','0000-00-00 00:00:00','0000-00-00 00:00:00'),(146,146,3,'0000-00-00 00:00:00','0000-00-00 00:00:00','0000-00-00 00:00:00'),(147,147,3,'0000-00-00 00:00:00','0000-00-00 00:00:00','0000-00-00 00:00:00'),(148,148,3,'0000-00-00 00:00:00','0000-00-00 00:00:00','0000-00-00 00:00:00'),(149,149,3,'0000-00-00 00:00:00','0000-00-00 00:00:00','0000-00-00 00:00:00'),(150,150,3,'0000-00-00 00:00:00','0000-00-00 00:00:00','0000-00-00 00:00:00'),(151,151,3,'0000-00-00 00:00:00','0000-00-00 00:00:00','0000-00-00 00:00:00'),(152,152,3,'0000-00-00 00:00:00','0000-00-00 00:00:00','0000-00-00 00:00:00'),(153,153,3,'0000-00-00 00:00:00','0000-00-00 00:00:00','0000-00-00 00:00:00'),(154,154,3,'0000-00-00 00:00:00','0000-00-00 00:00:00','0000-00-00 00:00:00'),(155,155,3,'0000-00-00 00:00:00','0000-00-00 00:00:00','0000-00-00 00:00:00'),(156,156,3,'0000-00-00 00:00:00','0000-00-00 00:00:00','0000-00-00 00:00:00'),(157,157,3,'0000-00-00 00:00:00','0000-00-00 00:00:00','0000-00-00 00:00:00'),(158,167,5,'0000-00-00 00:00:00','0000-00-00 00:00:00','0000-00-00 00:00:00'),(159,168,5,'0000-00-00 00:00:00','0000-00-00 00:00:00','0000-00-00 00:00:00'),(160,169,5,'0000-00-00 00:00:00','0000-00-00 00:00:00','0000-00-00 00:00:00'),(161,170,6,'0000-00-00 00:00:00','0000-00-00 00:00:00','0000-00-00 00:00:00'),(162,171,5,'0000-00-00 00:00:00','0000-00-00 00:00:00','0000-00-00 00:00:00'),(163,172,5,'0000-00-00 00:00:00','0000-00-00 00:00:00','0000-00-00 00:00:00'),(164,173,5,'0000-00-00 00:00:00','0000-00-00 00:00:00','0000-00-00 00:00:00'),(165,174,5,'0000-00-00 00:00:00','0000-00-00 00:00:00','0000-00-00 00:00:00'),(166,175,5,'0000-00-00 00:00:00','0000-00-00 00:00:00','0000-00-00 00:00:00'),(167,176,6,'0000-00-00 00:00:00','0000-00-00 00:00:00','0000-00-00 00:00:00'),(168,177,5,'0000-00-00 00:00:00','0000-00-00 00:00:00','0000-00-00 00:00:00'),(169,178,5,'0000-00-00 00:00:00','0000-00-00 00:00:00','0000-00-00 00:00:00'),(170,179,7,'0000-00-00 00:00:00','0000-00-00 00:00:00','0000-00-00 00:00:00'),(171,180,7,'0000-00-00 00:00:00','0000-00-00 00:00:00','0000-00-00 00:00:00'),(172,181,7,'0000-00-00 00:00:00','0000-00-00 00:00:00','0000-00-00 00:00:00'),(173,182,7,'0000-00-00 00:00:00','0000-00-00 00:00:00','0000-00-00 00:00:00'),(174,183,7,'0000-00-00 00:00:00','0000-00-00 00:00:00','0000-00-00 00:00:00'),(175,184,7,'0000-00-00 00:00:00','0000-00-00 00:00:00','0000-00-00 00:00:00'),(176,185,7,'0000-00-00 00:00:00','0000-00-00 00:00:00','0000-00-00 00:00:00'),(177,186,7,'0000-00-00 00:00:00','0000-00-00 00:00:00','0000-00-00 00:00:00'),(178,187,7,'0000-00-00 00:00:00','0000-00-00 00:00:00','0000-00-00 00:00:00'),(182,192,4,NULL,NULL,NULL),(183,191,3,NULL,NULL,NULL),(184,192,2,NULL,NULL,NULL);
/*!40000 ALTER TABLE `examan_muestra` ENABLE KEYS */;
UNLOCK TABLES;

--
-- Table structure for table `examens`
--

DROP TABLE IF EXISTS `examens`;
/*!40101 SET @saved_cs_client     = @@character_set_client */;
/*!40101 SET character_set_client = utf8 */;
CREATE TABLE `examens` (
  `id` int(10) unsigned NOT NULL AUTO_INCREMENT,
  `tipoexamens_id` int(10) unsigned NOT NULL,
  `nombre` varchar(512) COLLATE utf8mb4_unicode_ci NOT NULL,
  `plantilla` text COLLATE utf8mb4_unicode_ci NOT NULL,
  `precio_normal` decimal(5,2) NOT NULL,
  `precio_laboratorio` decimal(5,2) NOT NULL,
  `precio_clinica` decimal(5,2) NOT NULL,
  `estado` tinyint(4) NOT NULL,
  `created_at` timestamp NULL DEFAULT NULL,
  `updated_at` timestamp NULL DEFAULT NULL,
  `deleted_at` timestamp NULL DEFAULT NULL,
  PRIMARY KEY (`id`),
  KEY `examens_tipoexamens_id_foreign` (`tipoexamens_id`),
  CONSTRAINT `examens_tipoexamens_id_foreign` FOREIGN KEY (`tipoexamens_id`) REFERENCES `tipoexamens` (`id`)
) ENGINE=InnoDB AUTO_INCREMENT=184 DEFAULT CHARSET=utf8mb4 COLLATE=utf8mb4_unicode_ci;
/*!40101 SET character_set_client = @saved_cs_client */;

--
-- Dumping data for table `examens`
--

LOCK TABLES `examens` WRITE;
/*!40000 ALTER TABLE `examens` DISABLE KEYS */;
INSERT INTO `examens` VALUES (1,1,'BIOMETRIA HEMATICA','<p>HEMATIES&nbsp; &nbsp; &nbsp; &nbsp; &nbsp; &nbsp; &nbsp; &nbsp; &nbsp; &nbsp; &nbsp; &nbsp; 0&#39;000.000/mm3</p>\r\n\r\n<table border=\"1\" cellpadding=\"1\" cellspacing=\"1\" style=\"width:500px\">\r\n	<tbody>\r\n		<tr>\r\n			<td>hb</td>\r\n			<td>&nbsp;</td>\r\n			<td>val</td>\r\n		</tr>\r\n		<tr>\r\n			<td>hcto</td>\r\n			<td>&nbsp;</td>\r\n			<td>val</td>\r\n		</tr>\r\n		<tr>\r\n			<td>leu</td>\r\n			<td>&nbsp;</td>\r\n			<td>val</td>\r\n		</tr>\r\n		<tr>\r\n			<td>&nbsp;</td>\r\n			<td>&nbsp;</td>\r\n			<td>&nbsp;</td>\r\n		</tr>\r\n		<tr>\r\n			<td>&nbsp;</td>\r\n			<td>&nbsp;</td>\r\n			<td>&nbsp;</td>\r\n		</tr>\r\n		<tr>\r\n			<td>&nbsp;</td>\r\n			<td>&nbsp;</td>\r\n			<td>&nbsp;</td>\r\n		</tr>\r\n	</tbody>\r\n</table>\r\n\r\n<p>&nbsp;</p>',10.00,6.00,4.00,1,'2017-10-19 05:00:00','2017-12-05 05:12:20',NULL),(2,1,'HEMOGLOBINA','<p>Hemotollog&iacute;a y Coagulaci&oacute;n&nbsp; &nbsp; &nbsp; &nbsp; &nbsp; &nbsp; &nbsp; &nbsp; &nbsp; &nbsp; &nbsp; &nbsp; N/A</p>',2.50,2.00,2.00,1,'2017-10-19 05:00:00','2017-11-22 08:43:54',NULL),(3,1,'HEMATOCRITO','N/A',2.50,2.00,2.00,1,'2017-10-19 05:00:00',NULL,NULL),(4,1,'PLAQUETAS','N/A',3.00,2.00,2.00,1,'2017-10-19 05:00:00',NULL,NULL),(5,1,'RETICULOCITOS','<p>N/A&nbsp; N/A</p>',3.00,2.00,2.00,1,'2017-10-19 05:00:00','2017-10-25 07:59:57',NULL),(6,1,'FROTIS DE SANGRE PERIFÉRICA','<p>N/A</p>',25.00,20.00,18.00,1,'2017-10-19 05:00:00','2017-11-22 08:45:27',NULL),(7,1,'HIERRO SERICO','<p>&micro;g/dL Win 7: mujeres : 40-145 ni&ntilde;os 1-5 a&ntilde;os: 22-136</p>',4.00,3.00,2.50,1,'2017-10-19 05:00:00','2017-11-22 08:45:52',NULL),(8,1,'CAPACIDAD DE FIJACION DE HIERRO','<p>&micro;g/dL 240-450</p>',4.00,3.00,2.00,1,'2017-10-19 05:00:00','2017-11-22 08:46:19',NULL),(9,1,'FERRITINA','<p>&eta;g/mL Win 7: hombres: (20-250) mujeres (10-120) 6 meses a 15 a&ntilde;os (7-140)</p>',12.00,8.00,7.00,1,'2017-10-19 05:00:00','2017-11-22 08:46:48',NULL),(10,1,'TRANSFERRINA','<p>&eta;g/mL 200-360</p>',8.00,6.00,4.00,1,'2017-10-19 05:00:00','2017-11-22 08:48:23',NULL),(11,1,'SATURACIÓN DE LA TRANSFERRINA','<p>SATURACI&Oacute;N DE LA TRANSFERRINA&nbsp; &nbsp; &nbsp; &nbsp; &nbsp; &nbsp; &nbsp; &nbsp; &nbsp; %</p>',2.00,2.00,1.00,1,'2017-10-19 05:00:00','2017-11-22 08:47:55',NULL),(12,1,'ÁCIDO FOLICO','<p>&eta;g/mL 2,30-12,0</p>',15.00,13.00,11.50,1,'2017-10-19 05:00:00','2017-11-22 08:49:08',NULL),(13,1,'VITAMINA B12','<p>&rho;g/mL 174-874</p>',15.00,13.00,11.50,1,'2017-10-19 05:00:00','2017-11-22 08:49:34',NULL),(14,1,'COOMBS DIRECTO','<p>N/A</p>',6.00,5.00,4.00,1,'2017-10-19 05:00:00','2017-11-22 08:50:08',NULL),(15,1,'COOMBS INDIRECTO','<p>N/A</p>',7.00,6.00,5.00,1,'2017-10-19 05:00:00','2017-11-22 08:50:32',NULL),(16,1,'GRUPO SANGUINEO RH','<p>N/A</p>',3.00,2.50,2.00,1,'2017-10-19 05:00:00','2017-11-22 08:51:00',NULL),(17,14,'TIEMPO DE PROTROMBINA (T.P.)','<p>seg-% 70-100</p>',4.00,3.00,2.50,1,'2017-10-19 05:00:00','2017-11-22 08:51:31',NULL),(18,14,'I.R.N','N/A',0.00,0.00,0.00,1,'2017-10-19 05:00:00',NULL,NULL),(19,14,'TIEMPO DE TROMBOPLASTINA PARCIAL (T.T.P.)','<p>seg hasta 45</p>',4.00,3.00,2.50,1,'2017-10-19 05:00:00','2017-11-22 08:52:21',NULL),(20,14,'TIEMPO DE COAGULACIÓN','<p>minutos N/A</p>',2.00,0.00,0.00,1,'2017-10-19 05:00:00','2017-11-21 09:29:13',NULL),(21,14,'TIEMPO DE HEMORRAGIA','<p>minutos N/A</p>',2.00,0.00,0.00,1,'2017-10-19 05:00:00','2017-11-22 08:53:26',NULL),(22,14,'DÍMERO- D.','<p>&eta;g/mL hasta 500</p>',25.00,20.00,18.00,1,'2017-10-19 05:00:00','2017-11-22 08:53:45',NULL),(23,14,'FIBRINÓGENO','<p>mg/dL 150-400</p>',6.00,5.00,5.00,1,'2017-10-19 05:00:00','2017-11-22 08:54:05',NULL),(24,2,'GLUCOSA BASAL','<p>mg/dL 70-100</p>',2.50,1.50,1.20,1,'2017-10-19 05:00:00','2017-11-22 08:54:44',NULL),(25,2,'GLUCOSA 2H POSTPRANDIAL','<p>mg/dL N/A</p>',2.50,1.50,1.20,1,'2017-10-19 05:00:00','2017-11-22 08:55:06',NULL),(26,2,'CURVA DE TOLERANCIA 75G. DE GLUCOSA','<p>mg/dL N/A</p>',10.00,6.00,5.00,1,'2017-10-19 05:00:00','2017-11-22 08:55:45',NULL),(27,2,'CURVA DE TOLERANCIA 50G. DE GLUCOSA','<p>mg/dL N/A</p>',10.00,6.00,5.00,1,'2017-10-19 05:00:00','2017-11-22 08:56:03',NULL),(28,2,'HbA1c','<p>%</p>',15.00,10.00,6.00,1,'2017-10-19 05:00:00','2017-11-22 08:56:34',NULL),(29,2,'FRUCTOSAMINA','<p>&micro;mol/L 205-285</p>',6.00,4.00,3.50,1,'2017-10-19 05:00:00','2017-11-22 08:57:03',NULL),(30,2,'CREATININA','<p>mg/dL 0.60- 1.2</p>',2.50,1.50,1.20,1,'2017-10-19 05:00:00','2017-11-22 08:57:40',NULL),(31,2,'ÚREA','<p>mg/dL 10-50</p>',2.50,1.50,1.20,1,'2017-10-19 05:00:00','2017-11-22 08:58:01',NULL),(32,2,'B.U.N','mg/dL      10-20',2.50,1.50,1.25,1,'2017-10-19 05:00:00',NULL,NULL),(33,2,'ÁCIDO ÚRICO','mg/dL      2.5-6.0',2.50,1.50,1.25,1,'2017-10-19 05:00:00',NULL,NULL),(34,2,'COLESTEROL TOTAL','mg/dL     hasta 200',2.50,1.50,1.25,1,'2017-10-19 05:00:00',NULL,NULL),(35,2,'HDL COLESTEROL','mg/dL       45-55',2.50,1.50,1.25,1,'2017-10-19 05:00:00',NULL,NULL),(36,2,'LDL COLESTEROL','mg/dL       hasta 130',2.50,0.00,0.00,1,'2017-10-19 05:00:00',NULL,NULL),(37,2,'TRIGLICÉRIDOS','mg/dL        10-150',2.50,1.50,1.25,1,'2017-10-19 05:00:00',NULL,NULL),(38,2,'LIPIDOS TOTALES','mg/dL      400-800',2.50,1.50,1.25,1,'2017-10-19 05:00:00',NULL,NULL),(39,2,'APOLIPOPORTEÍNAS A','mg/dL     122-161',8.00,6.00,6.00,1,'2017-10-19 05:00:00',NULL,NULL),(40,2,'APOLIPOPORTEÍNAS B','mg/dL     69-105',8.00,6.00,6.00,1,'2017-10-19 05:00:00',NULL,NULL),(41,2,'PROTEINAS TOTALES','g/dL       6.0-8.0',2.50,1.50,1.25,1,'2017-10-19 05:00:00',NULL,NULL),(42,2,'ALBUMINA','g/dL       3.5-5.0',2.50,1.50,1.25,1,'2017-10-19 05:00:00',NULL,NULL),(43,2,'BILIRRUBINA TOTAL','mg/dL      hasta 1.0',3.00,2.00,3.00,1,'2017-10-19 05:00:00',NULL,NULL),(44,2,'BILIRRUBINA DIRECTA','mg/dL    hasta 0.25',3.00,2.00,2.00,1,'2017-10-19 05:00:00',NULL,NULL),(45,2,'BILIRRUBINA INDIRECTA','mg/dL  hasta 0.75',0.00,0.00,0.00,1,'2017-10-19 05:00:00',NULL,NULL),(46,3,'T.G.O.','U/L   hasta 37',4.00,2.50,2.50,1,'2017-10-19 05:00:00',NULL,NULL),(47,3,'T.G.P.','U/L   hasta 42',4.00,2.50,2.50,1,'2017-10-19 05:00:00',NULL,NULL),(48,3,'FOSFATASA ALCALINA','U/L    64-306   Win 7:niños (hasta 644)',5.00,2.50,2.50,1,'2017-10-19 05:00:00',NULL,NULL),(49,3,'FOSFATASA ÁCIDA TOTAL','U/L   hasta 5.40',5.00,4.00,5.00,1,'2017-10-19 05:00:00',NULL,NULL),(50,3,'FOSFATASA ÁCIDA PROSTÁTICA','U/L   hasta 1.70',5.00,4.00,5.00,1,'2017-10-19 05:00:00',NULL,NULL),(51,3,'G.G.T','U/L    11-61    Win 7:MUJERES. 9 -39',4.00,3.00,3.00,1,'2017-10-19 05:00:00',NULL,NULL),(52,3,'L.D.H.','U/L   225-450',4.00,3.00,3.00,1,'2017-10-19 05:00:00',NULL,NULL),(53,3,'AMILASA','U/L     hasta 220',6.00,3.00,3.00,1,'2017-10-19 05:00:00',NULL,NULL),(54,3,'LIPASA','U/L      hasta 60',6.00,4.00,4.00,1,'2017-10-19 05:00:00',NULL,NULL),(55,3,'C.P.K','U/L       24-190',8.00,6.00,6.00,1,'2017-10-19 05:00:00',NULL,NULL),(56,3,'CK-MB','U/L       hasta 25',10.00,8.00,8.00,1,'2017-10-19 05:00:00',NULL,NULL),(57,3,'TROPONINA I(cTnI)','ηg/MI   hasta 0.60',12.00,10.00,10.00,1,'2017-10-19 05:00:00',NULL,NULL),(58,4,'PROCALCITONINA','ηg/mL      hasta 0.50',40.00,30.00,30.00,1,'2017-10-19 05:00:00',NULL,NULL),(59,5,'AGLUTINACIONES FEBRILES','EBERTH     \"O\"                  negativo  ',6.00,4.00,3.00,1,'2017-10-19 05:00:00',NULL,NULL),(60,5,'A.S.T.O ','UI/L       hasta 200',8.00,6.00,6.00,1,'2017-10-19 05:00:00',NULL,NULL),(61,5,'P.C.R.','mg/L         hasta 6.0',6.00,4.00,4.00,1,'2017-10-19 05:00:00',NULL,NULL),(62,5,'F.R.','UI/L           hasta 20.0',6.00,4.00,4.00,1,'2017-10-19 05:00:00',NULL,NULL),(63,5,'C3','mg/dL          90-180',8.00,6.00,6.00,1,'2017-10-19 05:00:00',NULL,NULL),(64,5,'C4','mg/dL        10-40',8.00,6.00,6.00,1,'2017-10-19 05:00:00',NULL,NULL),(65,5,'IgE','UI/mL       hasta 100.0     Win:0-1 años : 0-15  6-9 años : 0-80',10.00,8.00,8.00,1,'2017-10-19 05:00:00',NULL,NULL),(66,5,'IgA','mg/dL       70-400',10.00,8.00,8.00,1,'2017-10-19 05:00:00',NULL,NULL),(67,5,'IgG','mg/dL       700-1.600',10.00,8.00,8.00,1,'2017-10-19 05:00:00',NULL,NULL),(68,5,'IgM','mg/dL       40-230',10.00,8.00,8.00,1,'2017-10-19 05:00:00',NULL,NULL),(69,5,'A.N.A','index      control positivo: mayor a 1.2    Win7:control negativo: menor a 1,0',15.00,10.00,10.00,1,'2017-10-19 05:00:00',NULL,NULL),(70,5,'ANA BLOT ( 9 - LINE )',' positivo débil.   positivo moderado.   positivo fuerte.',45.00,40.00,40.00,1,'2017-10-19 05:00:00',NULL,NULL),(71,5,'Anti-dsDNA','U/mL         hasta 20.0',15.00,10.00,10.00,1,'2017-10-19 05:00:00',NULL,NULL),(72,5,'Anti-Smith','index      control positivo: mayor a 25     Win 7: línea de corte: 15-25    control negativo: menor 15',20.00,15.00,15.00,1,'2017-10-19 05:00:00',NULL,NULL),(73,5,'CELULAS L.E','N/A    N/A',6.00,5.00,5.00,1,'2017-10-19 05:00:00',NULL,NULL),(74,5,'A.N.C.A. (P)','U/mL       hasta 5.0',16.00,13.00,13.00,1,'2017-10-19 05:00:00',NULL,NULL),(75,5,'Anti-CCP','U/mL           hasta 20.0',30.00,20.00,20.00,1,'2017-10-19 05:00:00',NULL,NULL),(76,5,'Anti-TG','UI/mL           hasta 125.0',15.00,12.00,12.00,1,'2017-10-19 05:00:00',NULL,NULL),(77,5,'Anti-TPO','UI/mL          hasta 40.0',18.00,15.00,15.00,1,'2017-10-19 05:00:00',NULL,NULL),(78,6,'TOXOPLASMA IgG','index         Win 7:(control negativo : menor a 0,90)   (control positivo   : mayor a 1,10)    ',10.00,7.00,6.00,1,'2017-10-19 05:00:00',NULL,NULL),(79,6,'TOXOPLASMA IgM','index         Win 7:(control negativo : menor a 0,90)   (control positivo   : mayor a 1,10)    ',10.00,7.00,6.00,1,'2017-10-19 05:00:00',NULL,NULL),(80,6,'RUBEOLA IgG','index         Win 7:(control negativo : menor a 0,90)   (control positivo   : mayor a 1,10)    ',8.00,7.00,6.00,1,'2017-10-19 05:00:00',NULL,NULL),(81,6,'RUBEOLA IgM','index         Win 7:(control negativo : menor a 0,90)   (control positivo   : mayor a 1,10)          ',8.00,7.00,6.00,1,'2017-10-19 05:00:00',NULL,NULL),(82,6,'C.M.V IgG','index         Win 7:(control negativo : menor a 0,90)   (control positivo   : mayor a 1,10)    ',8.00,7.00,6.00,1,'2017-10-19 05:00:00',NULL,NULL),(83,6,'C.M.V IgM','index         Win 7:(control negativo : menor a 0,90)   (control positivo   : mayor a 1,10)    ',8.00,7.00,6.00,1,'2017-10-19 05:00:00',NULL,NULL),(84,6,'HERPES I IgG','index         Win 7:(control negativo : menor a 0,90)   (control positivo   : mayor a 1,10)    ',8.00,7.00,6.00,1,'2017-10-19 05:00:00',NULL,NULL),(85,6,'HERPES I IgM','index         Win 7:(control negativo : menor a 0,90)   (control positivo   : mayor a 1,10)    ',8.00,7.00,6.00,1,'2017-10-19 05:00:00',NULL,NULL),(86,6,'HERPES II IgG','index         Win 7:(control negativo : menor a 0,90)   (control positivo   : mayor a 1,10)    ',8.00,7.00,6.00,1,'2017-10-19 05:00:00',NULL,NULL),(87,6,'HERPES II IgM','index         Win 7:(control negativo : menor a 0,90)   (control positivo   : mayor a 1,10)    ',8.00,7.00,6.00,1,'2017-10-19 05:00:00',NULL,NULL),(88,6,'CHLAMYDIA IgG','index         Win 7:(control negativo : menor a 0,90)   (control positivo   : mayor a 1,10)    ',15.00,10.00,10.00,1,'2017-10-19 05:00:00',NULL,NULL),(89,6,'CHLAMYDIA IgM','index         Win 7:(control negativo : menor a 0,90)   (control positivo   : mayor a 1,10)    ',15.00,10.00,10.00,1,'2017-10-19 05:00:00',NULL,NULL),(90,6,'EPSTEIN BAAR IgG','index         Win 7:(control negativo : menor a 0,90)   (control positivo   : mayor a 1,10)    ',10.00,8.00,8.00,1,'2017-10-19 05:00:00',NULL,NULL),(91,6,'EPSTEIN BAAR IgM','index         Win 7:(control negativo : menor a 0,90)   (control positivo   : mayor a 1,10)    ',10.00,8.00,8.00,1,'2017-10-19 05:00:00',NULL,NULL),(92,6,'DENGUE IgG','N/A         negativo positivo',7.50,5.00,5.00,1,'2017-10-19 05:00:00',NULL,NULL),(93,6,'DENGUE IgM','N/A         negativo positivo',7.50,5.00,5.00,1,'2017-10-19 05:00:00',NULL,NULL),(94,6,'HELICOBACTER PYLORI  IgG','U/mL    (v. ref : hasta 20)',10.00,8.00,8.00,1,'2017-10-19 05:00:00',NULL,NULL),(95,6,'HELICOBACTER PYLORI  IgM','U/mL    (v.ref : hasta 40)',10.00,8.00,8.00,1,'2017-10-19 05:00:00',NULL,NULL),(96,6,'Anti- H.A.V IgM','index         Win 7:(control negativo : menor a 0,90)   (control positivo   : mayor a 1,10)    ',12.00,10.00,8.00,1,'2017-10-19 05:00:00',NULL,NULL),(97,6,'Anti- H.A.V TOTAL','index         Win 7:(control negativo : menor a 0,90)   (control positivo   : mayor a 1,10)    ',12.00,10.00,10.00,1,'2017-10-19 05:00:00',NULL,NULL),(98,6,'HBsAg','N/A            N/A',6.00,5.00,4.00,1,'2017-10-19 05:00:00',NULL,NULL),(99,6,'HBsAg (ELISA)','index         Win 7:(control negativo : menor a 0,90)   (control positivo   : mayor a 1,10)      ',10.00,8.00,8.00,1,'2017-10-19 05:00:00',NULL,NULL),(100,6,'HBsAb','N/A     N/A',6.00,5.00,4.00,1,'2017-10-19 05:00:00',NULL,NULL),(101,6,'HBsAb (ELISA)','index         Win 7:(control negativo : menor a 0,90)   (control positivo   : mayor a 1,10)    ',10.00,8.00,8.00,1,'2017-10-19 05:00:00',NULL,NULL),(102,6,'HBcAb','N/A     N/A',6.00,5.00,4.00,1,'2017-10-19 05:00:00',NULL,NULL),(103,6,'HBcAb IgM','N/A    N/A',15.00,12.00,12.00,1,'2017-10-19 05:00:00',NULL,NULL),(104,6,'HBeAb','N/A    N/A',5.00,5.00,4.00,1,'2017-10-19 05:00:00',NULL,NULL),(105,6,'HBeAg','N/A    N/A',5.00,5.00,4.00,1,'2017-10-19 05:00:00',NULL,NULL),(106,6,'Anti H.C.V','N/A    N/A',6.00,5.00,4.00,1,'2017-10-19 05:00:00',NULL,NULL),(107,6,'Anti-H.I.V.  1 y 2 (cualitativo)','N/A     no reactiva  reactiva',8.00,5.00,4.00,1,'2017-10-19 05:00:00',NULL,NULL),(108,6,'Anti H.I.V. (ELISA)','index         Win 7:(control negativo : menor a 0,90)   (control positivo   : mayor a 1,10)    ',10.00,8.00,8.00,1,'2017-10-19 05:00:00',NULL,NULL),(109,6,'V.D.R.L.','N/A     no reactiva   reactiva  1/2 dils.   reactiva 1/8 dils. reactiva 1/16 dils. reactiva 1/32 dils. reactiva 1/64 dils.',5.00,3.00,3.00,1,'2017-10-19 05:00:00',NULL,NULL),(110,7,'T3','ηg/mL   0.69-2.02',8.00,6.00,6.00,1,'2017-10-19 05:00:00',NULL,NULL),(111,7,'FT3','ρg/mL   1.40-4.20',8.00,6.00,6.00,1,'2017-10-19 05:00:00',NULL,NULL),(112,7,'T4','µg/dL   4.40-10.80     Win: mujeres. 4,80 - 11,0',8.00,6.00,6.00,1,'2017-10-19 05:00:00',NULL,NULL),(113,7,'FT4','ηg/dL  0.80-2.0',8.00,6.00,6.00,1,'2017-10-19 05:00:00',NULL,NULL),(114,7,'TSH','mUI/L   0.35-4.50   añadir valores de niños',10.00,8.00,8.00,1,'2017-10-19 05:00:00',NULL,NULL),(115,7,'P.T.H (Hormona paratiroidea)','ρg/mL 15.0 - 65.0',20.00,15.00,15.00,1,'2017-10-19 05:00:00',NULL,NULL),(116,7,'L.H','mUI/mL      Win 7:fase folicular      1,60 -  7,90    fase ovulatoria  13,20 - 82,70  fase lutea           0,70  -  9,90  menopausia      13,20 - 45,70    HOMBRES: 0,70 - 7,40',8.00,6.00,6.00,1,'2017-10-19 05:00:00',NULL,NULL),(117,7,'F.S.H','mUI/mL    Win 7: fase folicular     3,30 - 11,30    fase ovulatoria  5,20 - 20,40   fase lutea        1,80 -  8,20   menopausia     48,60 - 143,90 HOMBRES: 1,0 - 14,0',8.00,6.00,6.00,1,'2017-10-19 05:00:00',NULL,NULL),(118,7,'PROLACTINA','ηg/mL      hasta 20.0   Win 7:HOMBRES: 1,50 - 12,0',12.00,8.00,6.00,1,'2017-10-19 05:00:00',NULL,NULL),(119,7,'ESTRADIOL','ρg/mL       Win 7:Niños prepuberales:hasta  20 pg/ml    fase folicular       30-120      pico ovulatorio    130-370       fase lutea             70-250      menopausia          15-60',12.00,8.00,8.00,1,'2017-10-19 05:00:00',NULL,NULL),(120,7,'PROGESTERONA','ηg/mL       Win 7: fase folicular    0,20 -1,40   fase lutea         4,0   - 25,0  menopausia      0,10 - 1,0',12.00,8.00,8.00,1,'2017-10-19 05:00:00',NULL,NULL),(121,7,'B-H.C.G','UI/L          Win 7: 1ra semana          10-30   2da semana          30-100  3ra semana         100-1.000 4ta semana        1.000-10.000   2do-3er mes       30.000->100.000   2do trimestre    10.000-30.000  3er trimestre      5.000-15.000 HOMBRES/MARCADOR TUMORAL: hasta 5,0',12.00,8.00,8.00,1,'2017-10-19 05:00:00',NULL,NULL),(122,7,'B-H.C.G (cualitativa) - TEST DE EMBARAZO','N/A          positivo    negativo',5.00,3.00,3.00,1,'2017-10-19 05:00:00',NULL,NULL),(123,7,'TESTOSTERONA TOTAL','ηg/mL      Win 7:Hombres : 3,0-10,0   Mujeres  : 0,2-1,0   Niños      : 0,1-0,3  Varon adolecente : 0,75-4,0)',10.00,8.00,8.00,1,'2017-10-19 05:00:00',NULL,NULL),(124,7,'TESTOSTERONA LIBRE','ρg/mL       Win 7:Hombres : 4,0-30,0 Mujeres  : 0,4-7,1',25.00,20.00,20.00,1,'2017-10-19 05:00:00',NULL,NULL),(125,7,'D.H.E.A.S','µg/mL      Win 7: Niños 1-5 años: menor a 0,3       6-11 años : 0,1-1,5        12-17 años : 0,3-5,5',12.00,10.00,10.00,1,'2017-10-19 05:00:00',NULL,NULL),(126,7,'CORTISOL A.M.','µg/dL 5.0-25.0      Win 7: menos de 5 dias : 0,6-20,0    2meses-15 años : 2,4-23,0     16-18 años        : 2,4-29,0',10.00,10.00,10.00,1,'2017-10-19 05:00:00',NULL,NULL),(127,7,'CORTISOL P.M.','µg/dL 3.0-13.0',10.00,10.00,10.00,1,'2017-10-19 05:00:00',NULL,NULL),(128,7,'INSULINA BASAL','µUI/mL   Win 7: niños < 12 años: menor a 10,0  adultos: 2,0-15,0     diabéticos tipo II: 0,7-25,0',10.00,8.00,8.00,1,'2017-10-19 05:00:00',NULL,NULL),(129,7,'INSULINA 2H POSTPARNDIAL','µUI/mL   N/A',10.00,8.00,8.00,1,'2017-10-19 05:00:00',NULL,NULL),(130,7,'INSULINA P.M','µUI/mL    N/A',10.00,8.00,8.00,1,'2017-10-19 05:00:00',NULL,NULL),(131,7,'PEPTIDO \"C\"','ηg/mL   0.80-4.20',15.00,10.00,10.00,1,'2017-10-19 05:00:00',NULL,NULL),(132,7,'ÍNDICE HOMA','N/A    ( 2.1 - 2.7)',0.00,0.00,0.00,1,'2017-10-19 05:00:00',NULL,NULL),(133,7,'HORMONA DE CRECIMIENTO','ηg/Ml   hasta 5.0',12.00,9.00,9.00,1,'2017-10-19 05:00:00',NULL,NULL),(134,8,'A.F.P.','ηg/mL   hasta 8.5',15.00,10.00,10.00,1,'2017-10-19 05:00:00',NULL,NULL),(135,8,'C.E.A','ηg/mL        Win 7:menor a  5,0 en no fumadores           menor a 10,0 en fumadores.',15.00,10.00,10.00,1,'2017-10-19 05:00:00',NULL,NULL),(136,8,'CA 125','UI/mL    hasta 35.0',15.00,12.00,12.00,1,'2017-10-19 05:00:00',NULL,NULL),(137,8,'CA 15-3','U/mL    hasta 37.0',20.00,15.00,15.00,1,'2017-10-19 05:00:00',NULL,NULL),(138,8,'CA 19-9','U/mL  hasta 40.0',25.00,15.00,15.00,1,'2017-10-19 05:00:00',NULL,NULL),(139,8,'P.S.A. LIBRE',' ηg/mL    hasta 1.3     Win 7: Equivale al  00,00 %',10.00,8.00,8.00,1,'2017-10-19 05:00:00',NULL,NULL),(140,8,'P.S.A. TOTAL',' ηg/mL    hasta 4.0     ',8.00,6.00,6.00,1,'2017-10-19 05:00:00',NULL,NULL),(141,8,'TIROGLOBULINA',' ηg/mL  10-176',15.00,12.00,12.00,1,'2017-10-19 05:00:00',NULL,NULL),(142,9,'SODIO','mEq/L  135-150',4.00,3.00,3.00,1,'2017-10-19 05:00:00',NULL,NULL),(143,9,'POTASIO','mEq/L  3.5-5.0',4.00,3.00,3.00,1,'2017-10-19 05:00:00',NULL,NULL),(144,9,'CALCIO TOTAL','mg/dL  8.5-10.5',4.00,3.00,3.00,1,'2017-10-19 05:00:00',NULL,NULL),(145,9,'CALCIO IÓNICO','mg/dL  4.0-5.4',6.00,4.00,4.00,1,'2017-10-19 05:00:00',NULL,NULL),(146,9,'CLORO','mEq/L   98-106',4.00,3.00,3.00,1,'2017-10-19 05:00:00',NULL,NULL),(147,9,'FÓSFORO','mg/dL  2.5-4.8       Win 7: Niños : v. ref: 4.0-7,0)',4.00,3.00,3.00,1,'2017-10-19 05:00:00',NULL,NULL),(148,9,'MAGNESIO','mg/dL  1.9-2.5',4.00,3.00,3.00,1,'2017-10-19 05:00:00',NULL,NULL),(149,10,'CULTIVO','N/A   N/A',5.00,4.00,4.00,1,'2017-10-19 05:00:00',NULL,NULL),(150,10,'ANTIBIOGRAMA','N/A    N/A',5.00,4.00,4.00,1,'2017-10-19 05:00:00',NULL,NULL),(151,10,'HEMOCULTIVO','N/A     N/A',15.00,12.00,12.00,1,'2017-10-19 05:00:00',NULL,NULL),(152,10,'FRESCO','Cél. Epiteliales        Cél. Epiteliales        ( 8-10)x campo    Leucocitos                ( 1-2 ) x campo  ',5.00,4.00,4.00,1,'2017-10-19 05:00:00',NULL,NULL),(153,10,'GRAM','N/A    N/A',2.00,1.50,1.50,1,'2017-10-19 05:00:00',NULL,NULL),(154,10,'INVESTIGACÓN DE HONGON (KOH)','N/A    N/A',4.00,2.00,2.00,1,'2017-10-19 05:00:00',NULL,NULL),(155,10,'INVESTIGACIÓN DE EOSINᇉLOS','N/A     N/A',3.00,2.00,2.00,1,'2017-10-19 05:00:00',NULL,NULL),(156,10,'CITOQUÍMICO-BACTEREOLÓGICO','Se observa      eosinófilos cada 100 leucocitos',15.00,12.00,12.00,1,'2017-10-19 05:00:00',NULL,NULL),(157,10,'CITOQUÍMICO-BACTEREOLÓGICO-CULT. Y ANTB','N/A     N/A',25.00,20.00,20.00,1,'2017-10-19 05:00:00',NULL,NULL),(158,10,'CHLAMYDIA Ag','N/A      N/A',15.00,10.00,10.00,1,'2017-10-19 05:00:00',NULL,NULL),(159,10,'B.A.A.R','N/A      N/A',4.00,3.00,3.00,1,'2017-10-19 05:00:00',NULL,NULL),(160,11,'E.M.O.','MICROSCOPICO : células epiteliales ( 1-2 ) x campo.-leucocitos ( 1-2 ) x campo.- escasas bacterias.',2.00,1.50,2.50,1,'2017-10-19 05:00:00',NULL,NULL),(161,11,'GRAM DE GOTA FRESCA','N/A   N/A',3.00,1.50,1.50,1,'2017-10-19 05:00:00',NULL,NULL),(162,11,'PROTEΎAS AL AZAR','mg/dL   N/A',3.00,1.50,1.50,1,'2017-10-19 05:00:00',NULL,NULL),(163,11,'PROTEΎAS EN 24 HORAS','mg/orina 24h.      N/A',5.00,4.00,3.00,1,'2017-10-19 05:00:00',NULL,NULL),(164,11,'DEPURACIÓN DE CREATININA','mL/min  VOLUMEN DE 24 HORAS:  ROTEINAS:mg/orina de 24 h.  CREATININA EN SANGRE:mg/dL   CREATININA EN ORINA:mg/dL DEPURACION DE CREATININA:mL/min.',10.00,5.00,5.00,1,'2017-10-19 05:00:00',NULL,NULL),(165,11,'SODIO','mEq/L    N/A',5.00,4.00,3.00,1,'2017-10-19 05:00:00',NULL,NULL),(166,11,'POTASIO','mEq/L   N/A',5.00,4.00,3.00,1,'2017-10-19 05:00:00',NULL,NULL),(167,11,'CALCIO','mg/dL    N/A',5.00,3.00,3.00,1,'2017-10-19 05:00:00',NULL,NULL),(168,11,'CLORO','mEq/L     N/A',5.00,4.00,4.00,1,'2017-10-19 05:00:00',NULL,NULL),(169,11,'B.A.A.R','N/A     N/A',4.00,3.00,3.00,1,'2017-10-19 05:00:00',NULL,NULL),(170,11,'TEST DE EMBARAZO','N/A    N/A',5.00,4.00,3.00,1,'2017-10-19 05:00:00',NULL,NULL),(171,12,'COPROLÓGICO- COPROPARASITARIO','COLOR        p      CONSISTENCIA      blanda      MOCO                0    ALMIDONES   (+)     GRASAS       0      PIOCITOS            0      HEMATIES    0       HONGOS                  0           PARASITOS : escasos quistes de ameba histolytica.',3.00,2.00,1.50,1,'2017-10-19 05:00:00',NULL,NULL),(172,12,'POLIMORFONUCLEARES','N/A    N/A',2.00,1.50,1.50,1,'2017-10-19 05:00:00',NULL,NULL),(173,12,'COPROPARASITARIO POR CONCENTRACIÓN','COLOR      p   CONSISTENCIA   blanda   MOCO   0    ALMIDONES   (+)   GRASAS    0   PIOCITOS    0',3.00,2.00,1.50,1,'2017-10-19 05:00:00',NULL,NULL),(174,12,'COPROPARASITARIO SERIADO ','COLOR        pardo    CONSISTENCIA          blanda      MOCO      0   GRASAS    0    ALMIDONES   (+)',8.00,6.00,6.00,1,'2017-10-19 05:00:00',NULL,NULL),(175,12,'ROTAVIRUS','N/A     N/A',8.00,6.00,6.00,1,'2017-10-19 05:00:00',NULL,NULL),(176,12,'ADENOVIRUS','N/A    N/A',8.00,4.00,4.00,1,'2017-10-19 05:00:00',NULL,NULL),(177,12,'SUBSTANCIAS REDUCTORAS','N/A    N/A',5.00,3.00,3.00,1,'2017-10-19 05:00:00',NULL,NULL),(178,12,'GIARDIA LAMBLIA Ag.','N/A     N/A',15.00,12.00,12.00,1,'2017-10-19 05:00:00',NULL,NULL),(179,12,'HELICOBACTER PILORY Ag.','N/A    N/A',15.00,12.00,12.00,1,'2017-10-19 05:00:00',NULL,NULL),(180,12,'SANGRE OCULTA','N/A    N/A',5.00,4.00,4.00,1,'2017-10-19 05:00:00',NULL,NULL),(181,3,'examen 1','<p>sds;dlk</p>',20.00,40.00,60.00,1,'2017-10-25 07:48:39','2017-10-25 07:48:39',NULL),(182,1,'examen faby','<p>wewe</p>',3.00,2.00,1.00,1,'2017-10-25 08:00:59','2017-10-25 08:00:59',NULL),(183,6,'sss','<p>sss</p>',1.00,2.00,3.00,1,'2018-01-04 22:49:06','2018-01-04 22:49:06',NULL);
/*!40000 ALTER TABLE `examens` ENABLE KEYS */;
UNLOCK TABLES;

--
-- Table structure for table `factura`
--

DROP TABLE IF EXISTS `factura`;
/*!40101 SET @saved_cs_client     = @@character_set_client */;
/*!40101 SET character_set_client = utf8 */;
CREATE TABLE `factura` (
  `id` int(11) NOT NULL AUTO_INCREMENT,
  `fecha_factura` date NOT NULL,
  `cliente_id` int(11) NOT NULL,
  `created_at` timestamp NULL DEFAULT NULL,
  `updated_at` timestamp NULL DEFAULT NULL,
  `deleted_at` timestamp NULL DEFAULT NULL,
  `tipo` int(11) NOT NULL DEFAULT '1',
  `fecha_inicio` date DEFAULT NULL,
  `fecha_fin` date DEFAULT NULL,
  `precio` decimal(5,2) DEFAULT '0.00',
  `num_factura` varchar(45) DEFAULT NULL,
  PRIMARY KEY (`id`)
) ENGINE=InnoDB AUTO_INCREMENT=39 DEFAULT CHARSET=latin1;
/*!40101 SET character_set_client = @saved_cs_client */;

--
-- Dumping data for table `factura`
--

LOCK TABLES `factura` WRITE;
/*!40000 ALTER TABLE `factura` DISABLE KEYS */;
INSERT INTO `factura` VALUES (8,'2017-11-27',1,NULL,NULL,NULL,1,NULL,NULL,0.00,NULL),(9,'2017-11-27',1,NULL,NULL,NULL,1,NULL,NULL,0.00,NULL),(10,'2017-11-27',1,NULL,NULL,NULL,1,NULL,NULL,0.00,NULL),(11,'2017-11-27',1,NULL,NULL,NULL,1,NULL,NULL,0.00,NULL),(12,'2017-11-27',1,NULL,NULL,NULL,1,NULL,NULL,0.00,NULL),(13,'2017-11-27',1,NULL,NULL,NULL,1,NULL,NULL,0.00,NULL),(14,'2017-11-27',3,NULL,NULL,NULL,1,NULL,NULL,0.00,NULL),(15,'2017-11-27',1,NULL,NULL,NULL,1,NULL,NULL,0.00,NULL),(16,'2017-11-27',2,NULL,NULL,NULL,1,NULL,NULL,0.00,NULL),(17,'2017-11-27',7,NULL,NULL,NULL,1,NULL,NULL,0.00,NULL),(18,'2017-11-28',7,NULL,NULL,NULL,1,NULL,NULL,0.00,NULL),(29,'2017-12-04',8,NULL,NULL,NULL,2,'2017-12-04','2017-12-04',31.50,NULL),(30,'2017-12-04',1,NULL,NULL,NULL,1,NULL,NULL,0.00,NULL),(31,'2017-12-04',7,NULL,NULL,NULL,1,NULL,NULL,0.00,NULL),(32,'2017-12-04',10,NULL,NULL,NULL,2,'2017-12-04','2017-12-04',36.00,NULL),(33,'2017-12-05',10,NULL,NULL,NULL,2,'2017-12-04','2017-12-04',36.00,NULL),(34,'2017-12-05',10,NULL,NULL,NULL,2,'2017-12-04','2017-12-04',36.00,NULL),(35,'2017-12-10',11,NULL,NULL,NULL,1,NULL,NULL,40.00,NULL),(36,'2017-12-10',11,NULL,NULL,NULL,1,NULL,NULL,10.00,NULL),(37,'2018-01-04',1,NULL,NULL,NULL,1,NULL,NULL,12.50,'111'),(38,'2018-01-04',1,NULL,NULL,NULL,1,NULL,NULL,10.00,NULL);
/*!40000 ALTER TABLE `factura` ENABLE KEYS */;
UNLOCK TABLES;

--
-- Table structure for table `migrations`
--

DROP TABLE IF EXISTS `migrations`;
/*!40101 SET @saved_cs_client     = @@character_set_client */;
/*!40101 SET character_set_client = utf8 */;
CREATE TABLE `migrations` (
  `id` int(10) unsigned NOT NULL AUTO_INCREMENT,
  `migration` varchar(255) COLLATE utf8mb4_unicode_ci NOT NULL,
  `batch` int(11) NOT NULL,
  PRIMARY KEY (`id`)
) ENGINE=InnoDB AUTO_INCREMENT=141 DEFAULT CHARSET=utf8mb4 COLLATE=utf8mb4_unicode_ci;
/*!40101 SET character_set_client = @saved_cs_client */;

--
-- Dumping data for table `migrations`
--

LOCK TABLES `migrations` WRITE;
/*!40000 ALTER TABLE `migrations` DISABLE KEYS */;
INSERT INTO `migrations` VALUES (126,'2014_10_11_163655_create_tipousuarios_table',1),(127,'2014_10_12_000000_create_users_table',1),(128,'2014_10_12_100000_create_password_resets_table',1),(129,'2017_07_28_163755_create_tipoexamens_table',1),(130,'2017_07_28_163812_create_tipopacientes_table',1),(131,'2017_07_28_163941_create_muestras_table',1),(132,'2017_07_28_164030_create_examens_table',1),(133,'2017_08_01_052430_create_pacientes_table',1),(134,'2017_08_04_055053_create_orden_table',1),(135,'2017_08_04_055154_create_detalleorden_table',1),(136,'2017_08_04_055226_create_resultado_table',1),(137,'2017_08_23_043651_update_examen',1),(138,'2017_08_23_045003_create_examen_muestra',1),(139,'2017_08_23_045406_create_cliente',1),(140,'2017_08_23_050542_update_paciente',1);
/*!40000 ALTER TABLE `migrations` ENABLE KEYS */;
UNLOCK TABLES;

--
-- Table structure for table `muestras`
--

DROP TABLE IF EXISTS `muestras`;
/*!40101 SET @saved_cs_client     = @@character_set_client */;
/*!40101 SET character_set_client = utf8 */;
CREATE TABLE `muestras` (
  `id` int(10) unsigned NOT NULL AUTO_INCREMENT,
  `nombre` varchar(128) COLLATE utf8mb4_unicode_ci NOT NULL,
  `descripcion` varchar(512) COLLATE utf8mb4_unicode_ci NOT NULL,
  `estado` tinyint(4) NOT NULL,
  `created_at` timestamp NULL DEFAULT NULL,
  `updated_at` timestamp NULL DEFAULT NULL,
  `deleted_at` timestamp NULL DEFAULT NULL,
  `tipoexamens_id` int(11) NOT NULL,
  PRIMARY KEY (`id`)
) ENGINE=InnoDB AUTO_INCREMENT=138 DEFAULT CHARSET=utf8mb4 COLLATE=utf8mb4_unicode_ci;
/*!40101 SET character_set_client = @saved_cs_client */;

--
-- Dumping data for table `muestras`
--

LOCK TABLES `muestras` WRITE;
/*!40000 ALTER TABLE `muestras` DISABLE KEYS */;
INSERT INTO `muestras` VALUES (1,'SANGRE TOTAL','SANGRE TOTAL',1,'0000-00-00 00:00:00','2017-11-21 09:35:40',NULL,1),(2,'SUERO','SUERO',1,'0000-00-00 00:00:00','2017-11-21 08:06:51',NULL,1),(3,'SUERO','SUERO',1,'0000-00-00 00:00:00','2017-11-21 09:36:33',NULL,3),(4,'SANGRE TOTAL','SANGRE TOTAL',1,'0000-00-00 00:00:00','2017-11-21 09:32:50',NULL,14),(5,'SANGRE TOTAL','SANGRE TOTAL',1,'0000-00-00 00:00:00','2017-11-21 09:33:52',NULL,2),(6,'SUERO','SUERO',1,'0000-00-00 00:00:00','2017-11-21 09:35:10',NULL,2),(7,'SUERO','SUERO',1,'0000-00-00 00:00:00','2017-11-21 09:37:20',NULL,4),(8,'SUERO','SUERO',1,'2017-10-25 07:58:16','2017-11-21 09:37:59',NULL,5),(9,'SUERO','SUERO',1,'2017-11-19 01:30:31','2017-11-21 09:38:22',NULL,6),(10,'SUERO','SUERO',1,'2017-11-19 01:34:29','2017-11-21 09:38:50',NULL,7),(11,'SUERO','SUERO',1,'2017-11-19 01:34:44','2017-11-21 09:39:22',NULL,8),(12,'SUERO','SUERO',1,'2017-11-19 01:35:13','2017-11-21 09:39:51',NULL,9),(13,'ORINA','ORINA',1,'2017-11-19 01:35:35','2017-11-21 09:40:31',NULL,11),(14,'ORINA 24 HORAS','ORINA 24 HORAS',1,'2017-11-19 01:35:48','2017-11-21 09:40:53',NULL,11),(15,'HECES','HECES',1,'2017-11-21 09:41:24','2017-11-21 09:41:24',NULL,12),(16,'ISOP DE ENCÍA','ISOP. DE ENCIA',1,'2017-11-21 09:43:02','2017-11-21 09:43:02',NULL,10),(17,'HECES','HECES',1,'2017-11-21 09:43:40','2017-11-21 09:43:40',NULL,10),(18,'PLASMA CITRATADO','PLASMA CITRATADO',1,'2017-11-21 09:47:27','2017-11-21 09:47:27',NULL,14),(19,'SANGRE','SANGRE',1,'2017-11-21 09:52:07','2017-11-21 09:52:07',NULL,10),(20,'LCR','L.C.R.',1,'2017-11-21 09:56:30','2017-11-21 09:56:30',NULL,10),(21,'SEC VAGINAL','SEC. VAGINAL',1,'2017-11-21 10:00:58','2017-11-21 10:00:58',NULL,10),(22,'ESPUTO','ESPUTO',1,'2017-11-21 10:01:25','2017-11-21 10:01:25',NULL,10),(23,'SEC FARINGEA','SEC. FARINGEA',1,'2017-11-21 10:02:12','2017-11-21 10:02:12',NULL,10),(24,'SEC. NASAL','SEC. NASAL',1,'2017-11-21 10:06:59','2017-11-21 10:06:59',NULL,10),(25,'RASP. C. CABELLUDO','RASP. C. CABELLUDO',1,'2017-11-21 10:07:49','2017-11-21 10:07:49',NULL,10),(26,'SEC. PURULENTA','SEC. PURULENTA',1,'2017-11-21 10:08:13','2017-11-21 10:08:13',NULL,10),(27,'SEC. DE GLANDE','SEC. DE GLANDE',1,'2017-11-21 10:08:43','2017-11-21 10:08:43',NULL,10),(28,'ORINA','ORINA',1,'2017-11-21 10:09:09','2017-11-21 10:09:09',NULL,10),(29,'SEC. URETRAL','SEC. URETRAL',1,'2017-11-21 10:09:30','2017-11-21 10:09:30',NULL,10),(30,'LIQUIDO SINOVIAL','LIQUIDO SINOVIAL',1,'2017-11-21 10:11:04','2017-11-21 10:11:04',NULL,10),(31,'ISOP. DE LENGUA','ISOP. DE LENGUA',1,'2017-11-21 10:11:25','2017-11-21 10:11:25',NULL,10),(32,'SEC. DE TRAQUEA','SEC. DE TRAQUEA',1,'2017-11-21 10:12:31','2017-11-21 10:12:31',NULL,10),(33,'ISOPADO RECTAL','ISOPADO RECTAL',1,'2017-11-21 10:13:52','2017-11-21 10:13:52',NULL,10),(34,'SEC. DE HERIDA','SEC. DE HERIDA',1,'2017-11-21 10:15:27','2017-11-21 10:15:27',NULL,10),(35,'LIQ. SANGUINOLENTO','LIQ. SANGUINOLENTO',1,'2017-11-21 10:16:06','2017-11-21 10:16:06',NULL,10),(36,'SONDA NASOGASTRICA','SONDA NASOGASTRICA',1,'2017-11-21 10:16:44','2017-11-21 10:16:44',NULL,10),(37,'MUCOSA BUCAL','MUCOSA BUCAL',1,'2017-11-21 10:17:06','2017-11-21 10:17:06',NULL,10),(38,'ISOP.   PERIANAL','ISOP.   PERIANAL',1,'2017-11-21 10:17:35','2017-11-21 10:17:35',NULL,10),(39,'ULCERA DE GLANDE','ULCERA DE GLANDE',1,'2017-11-21 10:18:07','2017-11-21 10:18:07',NULL,10),(40,'SEC. GENITAL','SEC. GENITAL',1,'2017-11-21 10:18:37','2017-11-21 10:18:37',NULL,10),(41,'SEC. SANGUINOLENTA','SEC. SANGUINOLENTA',1,'2017-11-21 10:19:08','2017-11-21 10:19:08',NULL,10),(42,'SEC. OCULAR','SEC. OCULAR',1,'2017-11-21 10:20:01','2017-11-21 10:20:01',NULL,10),(43,'C. CABELLUDO','C. CABELLUDO',1,'2017-11-21 10:20:27','2017-11-21 10:20:27',NULL,1),(44,'RASPADO DE PIEL','RASPADO DE PIEL',1,'2017-11-22 06:32:15','2017-11-22 06:32:15',NULL,10),(45,'C. CABELLUDO','C. CABELLUDO',1,'2017-11-22 06:35:42','2017-11-22 06:35:42',NULL,10),(46,'LIQUIDO PLEURAL','LIQUIDO PLEURAL',1,'2017-11-22 06:36:05','2017-11-22 06:36:05',NULL,10),(47,'SEC. CONJUNTIVAL','SEC. CONJUNTIVAL',1,'2017-11-22 06:36:34','2017-11-22 06:36:34',NULL,10),(48,'SEC. CUTANEA','SEC. CUTANEA',1,'2017-11-22 06:37:06','2017-11-22 06:37:06',NULL,10),(49,'SEC. DE ENCIAS','SEC. DE ENCIAS',1,'2017-11-22 06:37:30','2017-11-22 06:37:30',NULL,10),(50,'ISOPADO URETRAL','ISOPADO URETRAL',1,'2017-11-22 06:37:51','2017-11-22 06:37:51',NULL,10),(51,'SEC. DE FORUNCULO','SEC. DE FORUNCULO',1,'2017-11-22 06:38:17','2017-11-22 06:38:17',NULL,10),(52,'ULCERACIÓN DE BOCA','ULCERACIÓN DE BOCA',1,'2017-11-22 06:38:55','2017-11-22 06:38:55',NULL,10),(53,'LIQ. ARTICULAR','LIQ. ARTICULAR',1,'2017-11-22 06:39:16','2017-11-22 06:39:16',NULL,10),(54,'LIQ. SERO-HEMATICO','LIQ. SERO-HEMATICO',1,'2017-11-22 06:39:50','2017-11-22 06:39:50',NULL,10),(55,'LAVADO BRONQUIAL','LAVADO BRONQUIAL',1,'2017-11-22 06:40:53','2017-11-22 06:40:53',NULL,10),(56,'VESICULA PIEL','VESICULA PIEL',1,'2017-11-22 06:41:17','2017-11-22 06:41:17',NULL,10),(57,'LIQUIDO ASCITICO','LIQUIDO ASCITICO',1,'2017-11-22 06:41:41','2017-11-22 06:41:41',NULL,10),(58,'ISOPADO DE ENCIAS','ISOPADO DE ENCIAS',1,'2017-11-22 06:42:04','2017-11-22 06:42:04',NULL,10),(59,'RASPADO DE UÑAS','RASPADO DE UÑAS',1,'2017-11-22 06:42:31','2017-11-22 06:42:31',NULL,10),(60,'SEC.UMBILICAL','SEC.UMBILICAL',1,'2017-11-22 06:42:54','2017-11-22 06:42:54',NULL,10),(61,'TUBO ENDOTRAQUEAL','TUBO ENDOTRAQUEAL',1,'2017-11-22 06:43:22','2017-11-22 06:43:22',NULL,10),(62,'LIQ. SEROSO','LIQ. SEROSO',1,'2017-11-22 06:43:49','2017-11-22 06:43:49',NULL,10),(63,'PUNTA DE CATETER','PUNTA DE CATETER',1,'2017-11-22 06:44:14','2017-11-22 06:44:14',NULL,10),(64,'ISOPADO DE PARPADOS','ISOPADO DE PARPADOS',1,'2017-11-22 06:44:38','2017-11-22 06:44:38',NULL,10),(65,'ASPIRADO GÁSTRICO','ASPIRADO GÁSTRICO',1,'2017-11-22 06:45:05','2017-11-22 06:45:05',NULL,10),(66,'IMUCOSA BUCAL','IMUCOSA BUCAL',1,'2017-11-22 06:45:28','2017-11-22 06:45:28',NULL,10),(67,'ISOPADO DE BOCA','ISOPADO DE BOCA',1,'2017-11-22 06:46:03','2017-11-22 06:46:03',NULL,10),(68,'ISOP. GLANDE','ISOP. GLANDE',1,'2017-11-22 06:46:25','2017-11-22 06:46:25',NULL,10),(69,'PUNTA DE VASOFIX','PUNTA DE VASOFIX',1,'2017-11-22 06:46:54','2017-11-22 06:46:54',NULL,10),(70,'SEC. OSEA','SEC. OSEA',1,'2017-11-22 06:47:15','2017-11-22 06:47:15',NULL,10),(71,'SANGRE-ORINA','SANGRE-ORINA',1,'2017-11-22 06:47:41','2017-11-22 06:47:41',NULL,10),(72,'ISOP. ESCROTO','ISOP. ESCROTO',1,'2017-11-22 06:48:06','2017-11-22 06:48:06',NULL,10),(73,'ISOP. DE PIES','ISOP. DE PIES',1,'2017-11-22 06:48:58','2017-11-22 06:48:58',NULL,10),(74,'LIQUIDO DE DREN','LIQUIDO DE DREN',1,'2017-11-22 06:49:24','2017-11-22 06:49:24',NULL,10),(75,'SEC. R.GLUTEA','SEC. R.GLUTEA',1,'2017-11-22 06:50:10','2017-11-22 06:50:10',NULL,10),(76,'SEC. DE ABSCESO','SEC. DE ABSCESO',1,'2017-11-22 06:50:21','2017-11-22 06:50:21',NULL,10),(77,'SEC. ULCERA','SEC. ULCERA',1,'2017-11-22 06:51:05','2017-11-22 06:51:05',NULL,10),(78,'LESIÓN DE PIEL','LESIÓN DE PIEL',1,'2017-11-22 06:51:31','2017-11-22 06:51:31',NULL,10),(79,'SEMEN','SEMEN',1,'2017-11-22 06:51:59','2017-11-22 06:51:59',NULL,10),(80,'SEC. FISTULA','SEC. FISTULA',1,'2017-11-22 06:52:21','2017-11-22 06:52:21',NULL,10),(81,'LIQ. SEMINAL','LIQ. SEMINAL',1,'2017-11-22 06:52:51','2017-11-22 06:52:51',NULL,10),(82,'SEC. DE PUSTULA','SEC. DE PUSTULA',1,'2017-11-22 06:53:19','2017-11-22 06:53:19',NULL,10),(83,'SEC. NASOFARINGEA','SEC. NASOFARINGEA',1,'2017-11-22 06:54:02','2017-11-22 06:54:02',NULL,10),(84,'SEC. PULMONAR','SEC. PULMONAR',1,'2017-11-22 06:54:33','2017-11-22 06:54:33',NULL,10),(85,'LIQ. ABDOMINAL','LIQ. ABDOMINAL',1,'2017-11-22 06:54:55','2017-11-22 06:54:55',NULL,10),(86,'LIQ. CORPORALES','LIQ. CORPORALES',1,'2017-11-22 06:55:15','2017-11-22 06:55:15',NULL,10),(87,'SEC. LABIAL','SEC. LABIAL',1,'2017-11-22 06:55:43','2017-11-22 06:55:43',NULL,10),(88,'SEC DE PIE','SEC DE PIE',1,'2017-11-22 06:56:18','2017-11-22 06:56:18',NULL,10),(89,'SEC. UVULA','SEC. UVULA',1,'2017-11-22 06:56:47','2017-11-22 06:56:47',NULL,10),(90,'SEC. HOMBRO','SEC. HOMBRO',1,'2017-11-22 06:57:28','2017-11-22 06:57:28',NULL,10),(91,'SEC. RODILLA','SEC. RODILLA',1,'2017-11-22 06:57:49','2017-11-22 06:57:49',NULL,10),(92,'SEC. PALADAR','SEC. PALADAR',1,'2017-11-22 06:58:14','2017-11-22 06:58:14',NULL,10),(93,'ISOP. DE AXILA','ISOP. DE AXILA',1,'2017-11-22 06:58:44','2017-11-22 06:58:44',NULL,10),(94,'ISOP. DE CERVIX','ISOP. DE CERVIX',1,'2017-11-22 06:59:14','2017-11-22 06:59:14',NULL,10),(95,'ISOP.INGUINAL','ISOP.INGUINAL',1,'2017-11-22 06:59:52','2017-11-22 06:59:52',NULL,10),(96,'SEC. C. CABELLUDO','SEC. C. CABELLUDO',1,'2017-11-22 07:00:13','2017-11-22 07:00:13',NULL,10),(97,'SEC. GINGIVAL','SEC. GINGIVAL',1,'2017-11-22 07:00:42','2017-11-22 07:00:42',NULL,10),(98,'CATETER VENTRICULAR','CATETER VENTRICULAR',1,'2017-11-22 07:01:12','2017-11-22 07:01:12',NULL,10),(99,'CATETER PERITONEAL','CATETER PERITONEAL',1,'2017-11-22 07:01:37','2017-11-22 07:01:37',NULL,10),(100,'LIQ. PERITONEAL','LIQ. PERITONEAL',1,'2017-11-22 07:02:05','2017-11-22 07:02:05',NULL,10),(101,'PALADAR-LENGUA','PALADAR-LENGUA',1,'2017-11-22 07:02:49','2017-11-22 07:02:49',NULL,10),(102,'SEC. DE DREN','SEC. DE DREN',1,'2017-11-22 07:03:25','2017-11-22 07:03:25',NULL,10),(103,'M. OSTEOSINTESIS','M. OSTEOSINTESIS',1,'2017-11-22 07:04:09','2017-11-22 07:04:09',NULL,10),(104,'ZH','ZH',1,'2017-11-22 07:04:21','2017-11-22 07:04:21',NULL,10),(105,'SEC. PROSTATICA','SEC. PROSTATICA',1,'2017-11-22 07:04:46','2017-11-22 07:04:46',NULL,10),(106,'ISOP. VAGINAL','ISOP. VAGINAL',1,'2017-11-22 07:05:11','2017-11-22 07:05:11',NULL,10),(107,'SEC. DE RODILLA','SEC. DE RODILLA',1,'2017-11-22 07:05:50','2017-11-22 07:05:50',NULL,10),(108,'SEC. ABSESO PARAT.','SEC. ABSESO PARAT.',1,'2017-11-22 07:06:17','2017-11-22 07:06:17',NULL,10),(109,'PUNTA DE DREN','PUNTA DE DREN',1,'2017-11-22 07:06:35','2017-11-22 07:06:35',NULL,10),(110,'SONDA VESICAL','SONDA VESICAL',1,'2017-11-22 07:07:00','2017-11-22 07:07:00',NULL,10),(111,'RASP. DE PARED','RASP. DE PARED',1,'2017-11-22 07:07:33','2017-11-22 07:07:33',NULL,10),(112,'SEC. PUR. MUÑECA','SEC. PUR. MUÑECA',1,'2017-11-22 07:07:54','2017-11-22 07:07:54',NULL,10),(113,'SEC. PUR. TOBILLO','SEC. PUR. TOBILLO',1,'2017-11-22 07:08:14','2017-11-22 07:08:14',NULL,10),(114,'LENTE CONTACTO','LENTE CONTACTO',1,'2017-11-22 07:08:31','2017-11-22 07:08:31',NULL,10),(115,'SEC. PREPUCIO','SEC. PREPUCIO',1,'2017-11-22 07:08:53','2017-11-22 07:08:53',NULL,10),(116,'SUERO','SUERO',1,'2017-11-22 07:09:09','2017-11-22 07:09:09',NULL,10),(117,'RASP. PALMAS','RASP. PALMAS',1,'2017-11-22 07:09:28','2017-11-22 07:09:28',NULL,10),(118,'RASP. PLANTAS','RASP. PLANTAS',1,'2017-11-22 07:09:45','2017-11-22 07:09:45',NULL,10),(119,'SEC. DE PIEL','SEC. DE PIEL',1,'2017-11-22 07:10:04','2017-11-22 07:10:04',NULL,10),(120,'SEC. QUISTE.','SEC. QUISTE.',1,'2017-11-22 07:10:30','2017-11-22 07:10:30',NULL,10),(121,'F. S. DOUGLAS','F. S. DOUGLAS',1,'2017-11-22 07:11:05','2017-11-22 07:11:05',NULL,10),(122,'LECHE MATERNA','LECHE MATERNA',1,'2017-11-22 07:11:26','2017-11-22 07:11:26',NULL,10),(123,'ISOP. PALADAR','ISOP. PALADAR',1,'2017-11-22 07:11:50','2017-11-22 07:11:50',NULL,10),(124,'SEC. AFTAS','SEC. AFTAS',1,'2017-11-22 07:12:10','2017-11-22 07:12:10',NULL,10),(125,'SEC. RETRONASAL','SEC. RETRONASAL',1,'2017-11-22 07:12:30','2017-11-22 07:12:30',NULL,10),(126,'SEC.DE CODO','SEC.DE CODO',1,'2017-11-22 07:12:53','2017-11-22 07:12:53',NULL,10),(127,'SEC. DE BARTOLINE','SEC. DE BARTOLINE',1,'2017-11-22 07:13:19','2017-11-22 07:13:19',NULL,10),(128,'SEC. PREANAL','SEC. PREANAL',1,'2017-11-22 07:13:39','2017-11-22 07:13:39',NULL,10),(129,'LIQ. VULVAR','LIQ. VULVAR',1,'2017-11-22 07:13:57','2017-11-22 07:13:57',NULL,10),(130,'RASP. PIE.','RASP. PIE.',1,'2017-11-22 07:14:17','2017-11-22 07:14:17',NULL,10),(131,'SEC. PERIANAL','SEC. PERIANAL',1,'2017-11-22 07:14:38','2017-11-22 07:14:38',NULL,10),(132,'FROTIS','FROTIS',1,'2017-11-22 07:14:53','2017-11-22 07:14:53',NULL,10),(133,'SEC. ABS. HIGADO','SEC. ABS. HIGADO',1,'2017-11-22 07:15:11','2017-11-22 07:15:11',NULL,10),(134,'SEC. ABDOMINAL','SEC. ABDOMINAL',1,'2017-11-22 07:15:32','2017-11-22 07:15:32',NULL,10),(135,'RASPADO GENITAL','RASPADO GENITAL',1,'2017-11-22 07:15:50','2017-11-22 07:15:50',NULL,10),(136,'TEJIDO NECROTICO','TEJIDO NECROTICO',1,'2017-11-22 07:16:07','2017-11-22 07:16:07',NULL,10),(137,'sss','sss',1,'2018-01-04 22:48:31','2018-01-04 22:48:40','2018-01-04 22:48:40',2);
/*!40000 ALTER TABLE `muestras` ENABLE KEYS */;
UNLOCK TABLES;

--
-- Table structure for table `orden`
--

DROP TABLE IF EXISTS `orden`;
/*!40101 SET @saved_cs_client     = @@character_set_client */;
/*!40101 SET character_set_client = utf8 */;
CREATE TABLE `orden` (
  `id` int(10) unsigned NOT NULL AUTO_INCREMENT,
  `pacientes_id` int(10) unsigned NOT NULL,
  `user_id` int(11) NOT NULL,
  `fecha_emision` date NOT NULL,
  `fecha_entrega` datetime NOT NULL,
  `abono` decimal(5,2) NOT NULL,
  `tipo_pago` tinyint(4) NOT NULL,
  `iva` decimal(5,2) NOT NULL,
  `subtotal` decimal(5,2) NOT NULL,
  `total` decimal(5,2) NOT NULL,
  `estado` tinyint(4) NOT NULL,
  `created_at` timestamp NULL DEFAULT NULL,
  `updated_at` timestamp NULL DEFAULT NULL,
  `deleted_at` timestamp NULL DEFAULT NULL,
  `descuento` varchar(45) COLLATE utf8mb4_unicode_ci NOT NULL,
  `nombre_medico` varchar(1024) COLLATE utf8mb4_unicode_ci NOT NULL,
  `usuario_atiende` int(11) NOT NULL DEFAULT '0',
  `atendido` int(11) NOT NULL DEFAULT '0',
  `plantilla` longtext COLLATE utf8mb4_unicode_ci,
  `tipopaciente_id` int(11) NOT NULL,
  `is_relacional` int(11) NOT NULL DEFAULT '0',
  `validado` tinyint(4) NOT NULL DEFAULT '0',
  `usuario_valida` int(11) DEFAULT NULL,
  `codigo` varchar(16) COLLATE utf8mb4_unicode_ci DEFAULT NULL,
  `fecha_validacion` date DEFAULT NULL,
  `entidad` int(11) DEFAULT NULL,
  `factura_id` int(11) NOT NULL DEFAULT '0',
  PRIMARY KEY (`id`),
  KEY `orden_pacientes_id_foreign_idx` (`pacientes_id`),
  CONSTRAINT `orden_pacientes_id_foreign` FOREIGN KEY (`pacientes_id`) REFERENCES `pacientes` (`id`)
) ENGINE=InnoDB AUTO_INCREMENT=38 DEFAULT CHARSET=utf8mb4 COLLATE=utf8mb4_unicode_ci;
/*!40101 SET character_set_client = @saved_cs_client */;

--
-- Dumping data for table `orden`
--

LOCK TABLES `orden` WRITE;
/*!40000 ALTER TABLE `orden` DISABLE KEYS */;
INSERT INTO `orden` VALUES (14,2,1,'2017-10-11','2017-10-10 21:04:00',0.00,1,0.00,10.50,10.50,1,'2017-10-11 07:06:14','2017-11-28 03:15:41',NULL,'0','PP',1,1,'<p>MUESTRA:&nbsp; &nbsp; &nbsp; &nbsp; &nbsp; SANGRE EDTA.</p>\r\n\r\n<p>HEMOGLOBINA&nbsp;&nbsp;&nbsp;&nbsp;&nbsp;&nbsp;&nbsp;&nbsp;&nbsp;&nbsp;&nbsp;&nbsp;&nbsp;&nbsp;&nbsp;&nbsp;&nbsp;&nbsp;&nbsp;&nbsp;&nbsp;&nbsp;&nbsp;&nbsp;&nbsp;&nbsp;&nbsp;&nbsp;&nbsp;&nbsp;&nbsp;&nbsp;&nbsp;&nbsp;&nbsp;&nbsp; N/A&nbsp;&nbsp;&nbsp;&nbsp;&nbsp;&nbsp;&nbsp;&nbsp;&nbsp;&nbsp;&nbsp;&nbsp;&nbsp;&nbsp;&nbsp;&nbsp;&nbsp;&nbsp;&nbsp;&nbsp;&nbsp;&nbsp;&nbsp;&nbsp;&nbsp; N/A</p>\r\n\r\n<p>MUESTRA:&nbsp; &nbsp; &nbsp; &nbsp; &nbsp; SUERO</p>\r\n\r\n<p>APOLIPOPORTE&Iacute;NAS &quot;A&quot;&nbsp;&nbsp;&nbsp;&nbsp;&nbsp;&nbsp;&nbsp;&nbsp;&nbsp;&nbsp;&nbsp;&nbsp;&nbsp;&nbsp;&nbsp;&nbsp;&nbsp;&nbsp;&nbsp;&nbsp;&nbsp;&nbsp;&nbsp;&nbsp;&nbsp;&nbsp;&nbsp;&nbsp;&nbsp;&nbsp;&nbsp;&nbsp;&nbsp; mg/dL&nbsp;&nbsp;&nbsp;&nbsp;&nbsp;&nbsp;&nbsp;&nbsp;&nbsp;&nbsp;&nbsp;&nbsp;&nbsp;&nbsp;&nbsp;&nbsp;&nbsp;&nbsp;&nbsp;&nbsp;&nbsp;&nbsp;&nbsp;&nbsp;&nbsp;&nbsp;&nbsp;&nbsp; 122-161</p>',1,0,1,1,NULL,'2017-11-27',NULL,16),(15,2,1,'2017-10-11','2017-10-10 22:48:00',0.00,1,0.00,2.50,2.50,1,'2017-10-11 08:49:21',NULL,NULL,'0','rr',0,0,NULL,1,1,0,NULL,NULL,NULL,NULL,0),(16,2,1,'2017-10-11','2017-10-10 22:53:00',0.00,1,0.00,0.00,0.00,1,'2017-10-11 08:53:56',NULL,NULL,'0','ll',0,0,NULL,1,1,0,NULL,NULL,NULL,NULL,0),(17,1,1,'2017-11-09','2017-11-08 20:00:00',0.00,1,0.00,2.50,2.50,1,'2017-11-09 08:36:46',NULL,NULL,'0','nn',0,0,NULL,1,0,0,NULL,NULL,NULL,NULL,0),(18,1,1,'2017-11-11','2017-11-10 22:02:00',0.00,1,0.00,4.50,4.50,1,'2017-11-11 08:03:17',NULL,NULL,'0','SS',0,0,NULL,1,0,0,NULL,NULL,NULL,NULL,0),(19,1,1,'2017-11-18','2017-11-18 15:21:00',0.00,1,0.00,14.50,14.50,1,'2017-11-19 01:21:29',NULL,NULL,'0','juan',0,0,NULL,1,0,0,NULL,NULL,NULL,NULL,0),(20,1,1,'2017-11-18','2017-11-18 15:33:00',0.00,1,0.00,14.00,14.00,1,'2017-11-19 01:33:36',NULL,NULL,'0','juan',0,0,NULL,1,0,0,NULL,NULL,NULL,NULL,0),(21,1,1,'2017-11-18','2017-11-18 15:37:00',0.00,1,0.00,15.50,14.50,1,'2017-11-19 01:37:15','2017-11-19 03:20:31',NULL,'1','Juan',0,0,NULL,1,0,0,NULL,NULL,NULL,NULL,0),(22,4,1,'2017-11-22','2017-11-24 10:34:00',0.00,1,0.00,20.50,17.50,1,'2017-11-22 20:37:20',NULL,NULL,'3','TORRES HERBARTH',0,0,NULL,1,0,0,NULL,NULL,NULL,NULL,0),(23,3,1,'2017-11-26','2017-11-25 21:12:00',0.00,1,0.00,12.50,12.50,1,'2017-11-26 07:13:27','2017-11-26 07:13:49',NULL,'0','pe',1,1,'<p><br />\r\nMUESTRA:&nbsp; SANGRE TOTAL<br />\r\nBIOMETRIA HEMATICA&nbsp; &nbsp; &nbsp; &nbsp; &nbsp;</p>\r\n\r\n<p>HEMATIES&nbsp; &nbsp; &nbsp; &nbsp; &nbsp; &nbsp; &nbsp; &nbsp; &nbsp; &nbsp; &nbsp; &nbsp; 0&#39;000.000/mm3</p>\r\n\r\n<p><br />\r\nHEMOGLOBINA&nbsp; &nbsp; &nbsp; &nbsp; &nbsp;</p>\r\n\r\n<p>Hemotollog&iacute;a y Coagulaci&oacute;n&nbsp; &nbsp; &nbsp; &nbsp; &nbsp; &nbsp; &nbsp; &nbsp; &nbsp; &nbsp; &nbsp; &nbsp; N/A</p>',1,0,1,1,NULL,'2017-11-26',NULL,14),(24,1,1,'2017-11-27','2017-10-10 20:54:00',0.00,1,0.00,12.50,12.50,1,'2017-11-27 09:34:58','2017-11-27 09:35:44',NULL,'0','kk',1,1,'<p><br />\r\nMUESTRA:&nbsp; SANGRE TOTAL<br />\r\nBIOMETRIA HEMATICA&nbsp; &nbsp; &nbsp; &nbsp; &nbsp;</p>\r\n\r\n<p>HEMATIES&nbsp; &nbsp; &nbsp; &nbsp; &nbsp; &nbsp; &nbsp; &nbsp; &nbsp; &nbsp; &nbsp; &nbsp; 0&#39;000.000/mm3</p>\r\n\r\n<p><br />\r\nHEMOGLOBINA&nbsp; &nbsp; &nbsp; &nbsp; &nbsp;</p>\r\n\r\n<p>Hemotollog&iacute;a y Coagulaci&oacute;n&nbsp; &nbsp; &nbsp; &nbsp; &nbsp; &nbsp; &nbsp; &nbsp; &nbsp; &nbsp; &nbsp; &nbsp; N/A</p>',1,0,1,1,NULL,'2017-11-27',NULL,15),(25,7,1,'2017-11-27','2017-11-27 21:00:00',0.00,1,0.00,48.00,48.00,1,'2017-11-28 03:35:57','2017-11-28 03:39:42',NULL,'0','nn',1,1,'<p><br />\r\nMUESTRA:&nbsp; SANGRE TOTAL<br />\r\nTRANSFERRINA&nbsp; &nbsp; &nbsp; &nbsp;mg/mL 200-360</p>\r\n\r\n<p><br />\r\nMUESTRA:&nbsp; SUERO<br />\r\nPROCALCITONINA&nbsp; &nbsp; &nbsp; &nbsp; &nbsp;&eta;g/mL hasta 0.50</p>',1,0,1,1,NULL,'2017-11-27',NULL,17),(26,7,1,'2017-11-27','2017-11-27 22:00:00',0.00,1,0.00,83.00,83.00,1,'2017-11-28 04:52:13','2017-11-28 05:04:03',NULL,'0','nn',1,1,'<p><br />\r\nMUESTRA:&nbsp; SANGRE TOTAL<br />\r\nHIERRO SERICO&nbsp; &nbsp; &nbsp; &nbsp; &nbsp;&micro;g/dL Win 7: mujeres : 40-145 ni&ntilde;os 1-5 a&ntilde;os: 22-136<br />\r\nTRANSFERRINA&nbsp; &nbsp; &nbsp; &nbsp; &nbsp;&eta;g/mL 200-360<br />\r\n&Aacute;CIDO FOLICO&nbsp; &nbsp; &nbsp; &nbsp; &nbsp;&eta;g/mL 2,30-12,0</p>\r\n\r\n<div style=\"page-break-after: always\"><span style=\"display:none\">&nbsp;</span></div>\r\n\r\n<p><br />\r\nMUESTRA:&nbsp; SUERO<br />\r\nPROCALCITONINA&nbsp; &nbsp; &nbsp; &nbsp; &nbsp;&eta;g/mL hasta 0.50</p>\r\n\r\n<p>&nbsp;</p>\r\n\r\n<div style=\"page-break-after: always\"><span style=\"display:none\">&nbsp;</span></div>\r\n\r\n<p>MUESTRA:&nbsp; HECES<br />\r\nROTAVIRUS&nbsp; &nbsp; &nbsp; &nbsp; &nbsp;N/A N/A<br />\r\nADENOVIRUS&nbsp; &nbsp; &nbsp; &nbsp; &nbsp;N/A N/A</p>',1,0,1,1,NULL,'2017-11-28',NULL,18),(27,7,1,'2017-11-28','2017-11-27 20:00:00',0.00,1,0.00,40.00,40.00,1,'2017-11-28 06:32:34','2017-11-28 06:34:07',NULL,'0','sd',1,1,'<p><br />\r\nMUESTRA:&nbsp; SUERO<br />\r\nPROCALCITONINA&nbsp; &nbsp; &nbsp; &nbsp; &nbsp;&eta;g/mL hasta 0.50</p>',1,0,1,1,'ST2PBI','2017-11-28',NULL,31),(28,1,1,'2017-12-02','2017-12-01 03:00:00',0.00,1,0.00,8.50,8.50,1,'2017-12-02 09:49:54','2017-12-02 09:50:36',NULL,'0','nn',0,0,NULL,1,0,0,NULL,NULL,NULL,NULL,30),(29,1,1,'2017-12-04','2017-12-03 20:00:00',0.00,1,0.00,31.50,31.50,1,'2017-12-04 07:50:51','2017-12-04 08:05:48',NULL,'0','nn',0,0,NULL,2,0,0,NULL,NULL,NULL,8,29),(30,1,1,'2017-12-04','2017-12-04 21:00:00',0.00,1,0.00,36.00,36.00,1,'2017-12-05 04:55:16','2018-01-05 00:45:02','2018-01-05 00:45:02','0','nn',0,0,NULL,2,0,0,NULL,NULL,NULL,10,34),(31,1,1,'2017-12-05','2017-12-05 18:00:00',0.00,1,0.00,10.00,10.00,1,'2017-12-05 05:13:08','2017-12-21 05:19:03',NULL,'0','nn',1,1,'<p>&nbsp;</p>\r\n\r\n<p><br />\r\nMUESTRA:&nbsp; SANGRE TOTAL</p>\r\n\r\n<p>&nbsp;</p>\r\n\r\n<p><br />\r\nBIOMETRIA HEMATICA&nbsp; &nbsp; &nbsp; &nbsp; &nbsp;HEMATIES&nbsp; &nbsp; &nbsp; &nbsp; &nbsp; &nbsp; &nbsp; &nbsp; &nbsp; &nbsp; &nbsp; &nbsp; 0&#39;000.000/mm3</p>\r\n\r\n<p>&nbsp;</p>\r\n\r\n<table border=\"1\" cellpadding=\"1\" cellspacing=\"1\" style=\"width:500px\">\r\n	<tbody>\r\n		<tr>\r\n			<td>hb</td>\r\n			<td>&nbsp;</td>\r\n			<td>val</td>\r\n		</tr>\r\n		<tr>\r\n			<td>hcto</td>\r\n			<td>&nbsp;</td>\r\n			<td>val</td>\r\n		</tr>\r\n		<tr>\r\n			<td>leu</td>\r\n			<td>&nbsp;</td>\r\n			<td>val</td>\r\n		</tr>\r\n		<tr>\r\n			<td>&nbsp;</td>\r\n			<td>&nbsp;</td>\r\n			<td>&nbsp;</td>\r\n		</tr>\r\n		<tr>\r\n			<td>&nbsp;</td>\r\n			<td>&nbsp;</td>\r\n			<td>&nbsp;</td>\r\n		</tr>\r\n		<tr>\r\n			<td>&nbsp;</td>\r\n			<td>&nbsp;</td>\r\n			<td>&nbsp;</td>\r\n		</tr>\r\n	</tbody>\r\n</table>\r\n\r\n<p>&nbsp;</p>',1,0,1,1,NULL,'2017-12-21',NULL,36),(32,1,1,'2017-12-09','2017-12-09 01:00:00',0.00,1,0.00,2.00,2.00,1,'2017-12-09 10:45:49','2017-12-21 05:18:26',NULL,'0','nn',1,1,'<p>&nbsp;</p>\r\n\r\n<p><br />\r\nMUESTRA:&nbsp; SUERO</p>\r\n\r\n<p>&nbsp;</p>\r\n\r\n<p>&nbsp;</p>\r\n\r\n<p><br />\r\nPLAQUETAS&nbsp; &nbsp; &nbsp; &nbsp; &nbsp;N/A</p>\r\n\r\n<p>&nbsp;</p>',2,0,0,NULL,NULL,NULL,10,0),(33,7,1,'2017-12-09','2017-12-09 02:00:00',0.00,1,0.00,40.00,40.00,1,'2017-12-09 11:15:09','2017-12-21 05:10:08',NULL,'0','yy',1,1,'<p>&nbsp;</p>\r\n\r\n<p><br />\r\nMUESTRA:&nbsp; SUERO<br />\r\nPROCALCITONINA&nbsp; &nbsp; &nbsp; &nbsp; &nbsp;&eta;g/mL hasta 0.50</p>\r\n\r\n<p>&nbsp;</p>',1,0,1,1,NULL,'2017-12-21',NULL,35),(34,1,1,'2017-12-21','2017-12-21 20:00:00',0.00,1,0.00,10.00,10.00,1,'2017-12-21 05:12:52','2017-12-21 05:17:26',NULL,'0','nn',1,1,'<p>&nbsp;</p>\r\n\r\n<p><br />\r\nMUESTRA:&nbsp; SANGRE TOTAL<br />\r\nBIOMETRIA HEMATICA&nbsp; &nbsp; &nbsp; &nbsp; &nbsp;HEMATIES&nbsp; &nbsp; &nbsp; &nbsp; &nbsp; &nbsp; &nbsp; &nbsp; &nbsp; &nbsp; &nbsp; &nbsp; 0&#39;000.000/mm3</p>\r\n\r\n<p>&nbsp;</p>\r\n\r\n<table border=\"1\" cellpadding=\"1\" cellspacing=\"1\" style=\"width:500px\">\r\n	<tbody>\r\n		<tr>\r\n			<td>hb</td>\r\n			<td>32</td>\r\n			<td>val</td>\r\n		</tr>\r\n		<tr>\r\n			<td>hcto</td>\r\n			<td>&nbsp;</td>\r\n			<td>val</td>\r\n		</tr>\r\n		<tr>\r\n			<td>leu</td>\r\n			<td>&nbsp;</td>\r\n			<td>val</td>\r\n		</tr>\r\n		<tr>\r\n			<td>&nbsp;</td>\r\n			<td>&nbsp;</td>\r\n			<td>&nbsp;</td>\r\n		</tr>\r\n		<tr>\r\n			<td>&nbsp;</td>\r\n			<td>&nbsp;</td>\r\n			<td>&nbsp;</td>\r\n		</tr>\r\n		<tr>\r\n			<td>&nbsp;</td>\r\n			<td>&nbsp;</td>\r\n			<td>&nbsp;</td>\r\n		</tr>\r\n	</tbody>\r\n</table>\r\n\r\n<p>&nbsp;</p>',1,0,1,1,NULL,'2017-12-21',NULL,38),(35,1,1,'2018-01-03','2017-09-28 18:00:00',0.00,1,0.00,12.50,12.50,1,'2018-01-04 01:06:01','2018-01-04 02:23:43','2018-01-04 02:23:43','0','ZZZ',0,0,NULL,1,0,0,NULL,NULL,NULL,NULL,0),(36,1,1,'2018-01-03','2018-01-03 15:46:00',0.00,1,0.00,10.00,10.00,1,'2018-01-04 01:46:39','2018-01-04 22:51:02','2018-01-04 22:51:02','0','pppp',0,0,NULL,1,0,0,NULL,NULL,NULL,NULL,0),(37,1,1,'2018-01-04','2018-01-05 12:53:00',0.00,1,0.00,12.50,12.50,1,'2018-01-04 22:53:41','2018-01-04 22:55:24',NULL,'0','aaa',1,1,'<p>&nbsp;</p>\r\n\r\n<p><br />\r\nMUESTRA:&nbsp; SANGRE TOTAL<br />\r\nBIOMETRIA HEMATICA&nbsp; &nbsp; &nbsp; &nbsp; &nbsp;HEMATIES&nbsp; &nbsp; &nbsp; &nbsp; &nbsp; &nbsp; &nbsp; &nbsp; &nbsp; &nbsp; &nbsp; &nbsp; 0&#39;000.000/mm3</p>\r\n\r\n<p>&nbsp;</p>\r\n\r\n<table border=\"1\" cellpadding=\"1\" cellspacing=\"1\" style=\"width:500px\">\r\n	<tbody>\r\n		<tr>\r\n			<td>hb</td>\r\n			<td>&nbsp;</td>\r\n			<td>val</td>\r\n		</tr>\r\n		<tr>\r\n			<td>hcto</td>\r\n			<td>&nbsp;</td>\r\n			<td>val</td>\r\n		</tr>\r\n		<tr>\r\n			<td>leu</td>\r\n			<td>&nbsp;</td>\r\n			<td>val</td>\r\n		</tr>\r\n		<tr>\r\n			<td>&nbsp;</td>\r\n			<td>&nbsp;</td>\r\n			<td>&nbsp;</td>\r\n		</tr>\r\n		<tr>\r\n			<td>&nbsp;</td>\r\n			<td>&nbsp;</td>\r\n			<td>&nbsp;</td>\r\n		</tr>\r\n		<tr>\r\n			<td>&nbsp;</td>\r\n			<td>&nbsp;</td>\r\n			<td>&nbsp;</td>\r\n		</tr>\r\n	</tbody>\r\n</table>\r\n\r\n<p>&nbsp;<br />\r\nHEMOGLOBINA&nbsp; &nbsp; &nbsp; &nbsp; &nbsp;Hemotollog&iacute;a y Coagulaci&oacute;n&nbsp; &nbsp; &nbsp; &nbsp; &nbsp; &nbsp; &nbsp; &nbsp; &nbsp; &nbsp; &nbsp; &nbsp; N/A</p>',1,0,1,1,NULL,'2018-01-04',NULL,37);
/*!40000 ALTER TABLE `orden` ENABLE KEYS */;
UNLOCK TABLES;

--
-- Table structure for table `pacientes`
--

DROP TABLE IF EXISTS `pacientes`;
/*!40101 SET @saved_cs_client     = @@character_set_client */;
/*!40101 SET character_set_client = utf8 */;
CREATE TABLE `pacientes` (
  `id` int(10) unsigned NOT NULL AUTO_INCREMENT,
  `tipopacientes_id` int(10) unsigned NOT NULL,
  `cedula` varchar(13) COLLATE utf8mb4_unicode_ci DEFAULT NULL,
  `nombres` varchar(128) COLLATE utf8mb4_unicode_ci NOT NULL,
  `apellidos` varchar(128) COLLATE utf8mb4_unicode_ci DEFAULT NULL,
  `celular` varchar(10) COLLATE utf8mb4_unicode_ci DEFAULT NULL,
  `direccion` varchar(512) COLLATE utf8mb4_unicode_ci DEFAULT NULL,
  `telefono` varchar(10) COLLATE utf8mb4_unicode_ci DEFAULT NULL,
  `genero` varchar(3) COLLATE utf8mb4_unicode_ci DEFAULT NULL,
  `enfermedades` varchar(1024) COLLATE utf8mb4_unicode_ci DEFAULT NULL,
  `estado` tinyint(4) NOT NULL,
  `created_at` timestamp NULL DEFAULT NULL,
  `updated_at` timestamp NULL DEFAULT NULL,
  `deleted_at` timestamp NULL DEFAULT NULL,
  `edad` int(11) DEFAULT NULL,
  `email` varchar(128) COLLATE utf8mb4_unicode_ci DEFAULT NULL,
  PRIMARY KEY (`id`),
  KEY `pacientes_tipopacientes_id_foreign` (`tipopacientes_id`),
  CONSTRAINT `pacientes_tipopacientes_id_foreign` FOREIGN KEY (`tipopacientes_id`) REFERENCES `tipopacientes` (`id`)
) ENGINE=InnoDB AUTO_INCREMENT=16 DEFAULT CHARSET=utf8mb4 COLLATE=utf8mb4_unicode_ci;
/*!40101 SET character_set_client = @saved_cs_client */;

--
-- Dumping data for table `pacientes`
--

LOCK TABLES `pacientes` WRITE;
/*!40000 ALTER TABLE `pacientes` DISABLE KEYS */;
INSERT INTO `pacientes` VALUES (1,1,'0603108770','Fabian11','Villa','0984816234','Calle 1 2','032943455','Mas','ninguno',1,'2017-08-25 10:41:40','2018-01-04 22:44:56',NULL,35,'mail30@mail.com'),(2,1,'0600324001','Pedro','Valle','0292929922','Los Pinos','039292929','Mas','sd',1,'2017-10-07 05:46:06','2017-10-07 05:46:06',NULL,27,NULL),(3,1,'0603768567','Fernando','Perez','0986898769','casa',NULL,'Mas','ninguno otra',1,'2017-10-25 07:38:31','2017-12-05 06:41:29',NULL,69,'fperez@tes.yy'),(4,1,'0603147802','VERONICA ALEJANDRA','CANTUÑA VALLEJO','0992740669','ASUNCION 3316 Y CHIMBORAZO','032965984','Fem','RESISTENCIA A LA INSULINA',1,'2017-11-22 20:28:02','2017-11-22 20:28:02',NULL,39,NULL),(5,1,NULL,'sdldsl','dssd','2222222222','sd','332424434','Mas','sdds',1,'2017-11-27 10:16:00','2017-11-27 10:16:00',NULL,12,NULL),(6,1,NULL,'Carol','Calon','2238328832','dldsllds','393939939','Fem','df',1,'2017-11-27 10:17:09','2017-11-27 10:22:19',NULL,3944,NULL),(7,1,'0637382926','Karla','Gomez','9999999999','Calle t',NULL,'Mas','niugn',1,'2017-11-28 03:27:29','2017-11-28 03:27:29',NULL,56,NULL),(8,2,'77777777777','Lab','San Juan',NULL,'Calle 1','555555555',NULL,NULL,1,'2017-11-28 03:34:12','2017-11-28 03:34:12',NULL,NULL,NULL),(9,3,'8888888888','Clinica','Uno',NULL,'Calle t',NULL,NULL,NULL,1,'2017-11-28 03:34:44','2017-11-28 03:34:44',NULL,NULL,NULL),(10,2,'0603147802','MEGALAB',NULL,NULL,'ASUNCION 3316 Y CHIMBORAZO','032942276',NULL,NULL,1,'2017-11-28 05:37:33','2017-12-02 10:48:33',NULL,NULL,NULL),(11,3,'9999999999','Consumidor','Final',NULL,'casa',NULL,NULL,NULL,1,'2017-12-02 10:49:24','2017-12-02 10:49:24',NULL,NULL,NULL),(12,2,'8888888889','lab nuevo',NULL,NULL,'casa',NULL,NULL,NULL,1,'2017-12-05 06:43:38','2017-12-05 06:43:38',NULL,NULL,'labnuevo@rrr.com'),(13,1,'0603108770001','dkdk','dkkd',NULL,'dkdk','037373773',NULL,NULL,1,'2018-01-04 20:14:41','2018-01-04 20:14:51','2018-01-04 20:14:51',NULL,'lajane2020@hotmail.com'),(14,1,'1111111111','www','ww1111','0928282822','ll','033838838','Fem','qq',1,'2018-01-04 22:42:54','2018-01-04 22:43:52','2018-01-04 22:43:52',22,'qsas@mail.com'),(15,1,'0103962726','aa','aa',NULL,'aa','322222222',NULL,NULL,1,'2018-01-04 22:45:18','2018-01-04 22:45:26','2018-01-04 22:45:26',NULL,'qsas@mail.com');
/*!40000 ALTER TABLE `pacientes` ENABLE KEYS */;
UNLOCK TABLES;

--
-- Table structure for table `password_resets`
--

DROP TABLE IF EXISTS `password_resets`;
/*!40101 SET @saved_cs_client     = @@character_set_client */;
/*!40101 SET character_set_client = utf8 */;
CREATE TABLE `password_resets` (
  `email` varchar(255) COLLATE utf8mb4_unicode_ci NOT NULL,
  `token` varchar(255) COLLATE utf8mb4_unicode_ci NOT NULL,
  `created_at` timestamp NULL DEFAULT NULL,
  KEY `password_resets_email_index` (`email`(191))
) ENGINE=InnoDB DEFAULT CHARSET=utf8mb4 COLLATE=utf8mb4_unicode_ci;
/*!40101 SET character_set_client = @saved_cs_client */;

--
-- Dumping data for table `password_resets`
--

LOCK TABLES `password_resets` WRITE;
/*!40000 ALTER TABLE `password_resets` DISABLE KEYS */;
/*!40000 ALTER TABLE `password_resets` ENABLE KEYS */;
UNLOCK TABLES;

--
-- Table structure for table `resultado`
--

DROP TABLE IF EXISTS `resultado`;
/*!40101 SET @saved_cs_client     = @@character_set_client */;
/*!40101 SET character_set_client = utf8 */;
CREATE TABLE `resultado` (
  `id` int(10) unsigned NOT NULL AUTO_INCREMENT,
  `detalleorden_id` int(10) unsigned NOT NULL,
  `plantilla` text COLLATE utf8mb4_unicode_ci NOT NULL,
  `orden` tinyint(4) NOT NULL DEFAULT '0',
  `created_at` timestamp NULL DEFAULT NULL,
  `updated_at` timestamp NULL DEFAULT NULL,
  PRIMARY KEY (`id`),
  KEY `resultado_detalleorden_id_foreign` (`detalleorden_id`),
  CONSTRAINT `resultado_detalleorden_id_foreign` FOREIGN KEY (`detalleorden_id`) REFERENCES `detalleorden` (`id`)
) ENGINE=InnoDB DEFAULT CHARSET=utf8mb4 COLLATE=utf8mb4_unicode_ci;
/*!40101 SET character_set_client = @saved_cs_client */;

--
-- Dumping data for table `resultado`
--

LOCK TABLES `resultado` WRITE;
/*!40000 ALTER TABLE `resultado` DISABLE KEYS */;
/*!40000 ALTER TABLE `resultado` ENABLE KEYS */;
UNLOCK TABLES;

--
-- Table structure for table `role_user`
--

DROP TABLE IF EXISTS `role_user`;
/*!40101 SET @saved_cs_client     = @@character_set_client */;
/*!40101 SET character_set_client = utf8 */;
CREATE TABLE `role_user` (
  `id` int(11) NOT NULL AUTO_INCREMENT,
  `user_id` int(11) NOT NULL,
  `type_id` int(11) NOT NULL,
  PRIMARY KEY (`id`)
) ENGINE=InnoDB DEFAULT CHARSET=latin1;
/*!40101 SET character_set_client = @saved_cs_client */;

--
-- Dumping data for table `role_user`
--

LOCK TABLES `role_user` WRITE;
/*!40000 ALTER TABLE `role_user` DISABLE KEYS */;
/*!40000 ALTER TABLE `role_user` ENABLE KEYS */;
UNLOCK TABLES;

--
-- Table structure for table `tipo_usuario_user`
--

DROP TABLE IF EXISTS `tipo_usuario_user`;
/*!40101 SET @saved_cs_client     = @@character_set_client */;
/*!40101 SET character_set_client = utf8 */;
CREATE TABLE `tipo_usuario_user` (
  `id` int(11) NOT NULL AUTO_INCREMENT,
  `tipo_usuario_id` int(11) NOT NULL,
  `user_id` int(11) NOT NULL,
  PRIMARY KEY (`id`)
) ENGINE=InnoDB AUTO_INCREMENT=18 DEFAULT CHARSET=latin1;
/*!40101 SET character_set_client = @saved_cs_client */;

--
-- Dumping data for table `tipo_usuario_user`
--

LOCK TABLES `tipo_usuario_user` WRITE;
/*!40000 ALTER TABLE `tipo_usuario_user` DISABLE KEYS */;
INSERT INTO `tipo_usuario_user` VALUES (1,1,1),(8,1,6),(10,2,5),(12,3,7),(17,1,9);
/*!40000 ALTER TABLE `tipo_usuario_user` ENABLE KEYS */;
UNLOCK TABLES;

--
-- Table structure for table `tipoexamens`
--

DROP TABLE IF EXISTS `tipoexamens`;
/*!40101 SET @saved_cs_client     = @@character_set_client */;
/*!40101 SET character_set_client = utf8 */;
CREATE TABLE `tipoexamens` (
  `id` int(10) unsigned NOT NULL AUTO_INCREMENT,
  `nombre` varchar(128) COLLATE utf8mb4_unicode_ci NOT NULL,
  `estado` tinyint(4) NOT NULL,
  `created_at` timestamp NULL DEFAULT NULL,
  `updated_at` timestamp NULL DEFAULT NULL,
  `deleted_at` timestamp NULL DEFAULT NULL,
  PRIMARY KEY (`id`)
) ENGINE=InnoDB AUTO_INCREMENT=18 DEFAULT CHARSET=utf8mb4 COLLATE=utf8mb4_unicode_ci;
/*!40101 SET character_set_client = @saved_cs_client */;

--
-- Dumping data for table `tipoexamens`
--

LOCK TABLES `tipoexamens` WRITE;
/*!40000 ALTER TABLE `tipoexamens` DISABLE KEYS */;
INSERT INTO `tipoexamens` VALUES (1,'HEMATOLOGÍA',1,'0000-00-00 00:00:00','2017-11-21 08:14:32',NULL),(2,'QUÍMICA SANGUÍNEA',1,'0000-00-00 00:00:00','2017-08-28 01:20:56',NULL),(3,'ENZIMAS',1,'0000-00-00 00:00:00','0000-00-00 00:00:00',NULL),(4,'MARCADOR DE FASE AGUDA',1,'0000-00-00 00:00:00','0000-00-00 00:00:00',NULL),(5,'SERO-INMUNOLOGÍA',1,'0000-00-00 00:00:00','2017-08-28 01:23:36',NULL),(6,'INMUNO-INFECCIOSAS',1,'0000-00-00 00:00:00','0000-00-00 00:00:00',NULL),(7,'HORMONAS',1,'0000-00-00 00:00:00','0000-00-00 00:00:00',NULL),(8,'MARCADORES TUMORALES',1,'0000-00-00 00:00:00','0000-00-00 00:00:00',NULL),(9,'ELECTROLITOS',1,'0000-00-00 00:00:00','0000-00-00 00:00:00',NULL),(10,'MICROBIOLOGÍA',1,'0000-00-00 00:00:00','2017-08-28 01:24:46',NULL),(11,'ORINA',1,'0000-00-00 00:00:00','0000-00-00 00:00:00',NULL),(12,'HECES',1,'0000-00-00 00:00:00','0000-00-00 00:00:00',NULL),(13,'SUERO',1,'2017-09-16 04:53:19','2017-11-21 08:05:19',NULL),(14,'COAGULACIÓN',1,'2017-10-19 05:00:00',NULL,NULL),(15,'OTROE',1,'2017-11-21 08:14:41','2017-11-21 09:28:42',NULL),(16,'otroo11',1,'2018-01-04 04:04:49','2018-01-04 04:05:09','2018-01-04 04:05:09'),(17,'tipo vacio',1,'2018-01-04 21:05:21','2018-01-04 21:06:40','2018-01-04 21:06:40');
/*!40000 ALTER TABLE `tipoexamens` ENABLE KEYS */;
UNLOCK TABLES;

--
-- Table structure for table `tipopacientes`
--

DROP TABLE IF EXISTS `tipopacientes`;
/*!40101 SET @saved_cs_client     = @@character_set_client */;
/*!40101 SET character_set_client = utf8 */;
CREATE TABLE `tipopacientes` (
  `id` int(10) unsigned NOT NULL AUTO_INCREMENT,
  `nombre` varchar(128) COLLATE utf8mb4_unicode_ci NOT NULL,
  `estado` tinyint(4) NOT NULL,
  `created_at` timestamp NULL DEFAULT NULL,
  `updated_at` timestamp NULL DEFAULT NULL,
  `deleted_at` timestamp NULL DEFAULT NULL,
  PRIMARY KEY (`id`)
) ENGINE=InnoDB AUTO_INCREMENT=8 DEFAULT CHARSET=utf8mb4 COLLATE=utf8mb4_unicode_ci;
/*!40101 SET character_set_client = @saved_cs_client */;

--
-- Dumping data for table `tipopacientes`
--

LOCK TABLES `tipopacientes` WRITE;
/*!40000 ALTER TABLE `tipopacientes` DISABLE KEYS */;
INSERT INTO `tipopacientes` VALUES (1,'Particular',1,'2017-08-25 10:34:35','2017-08-25 10:34:35',NULL),(2,'Laboratorios',1,'2017-08-25 10:34:44','2017-08-25 10:34:57',NULL),(3,'Clinicas',1,'2017-08-25 10:34:51','2017-08-25 10:34:51',NULL),(4,'Ejemplo',1,'2018-01-04 03:42:09','2018-01-04 03:42:13','2018-01-04 03:42:13'),(5,'skakaskwqw',1,'2018-01-04 03:56:06','2018-01-04 03:56:16','2018-01-04 03:56:16'),(6,'111hdhdh',1,'2018-01-04 20:52:09','2018-01-04 20:52:18','2018-01-04 20:52:18'),(7,'sdkks22',1,'2018-01-04 21:04:01','2018-01-04 21:05:06','2018-01-04 21:05:06');
/*!40000 ALTER TABLE `tipopacientes` ENABLE KEYS */;
UNLOCK TABLES;

--
-- Table structure for table `tipousuarios`
--

DROP TABLE IF EXISTS `tipousuarios`;
/*!40101 SET @saved_cs_client     = @@character_set_client */;
/*!40101 SET character_set_client = utf8 */;
CREATE TABLE `tipousuarios` (
  `id` int(10) unsigned NOT NULL AUTO_INCREMENT,
  `nombre` varchar(128) COLLATE utf8mb4_unicode_ci NOT NULL,
  `estado` tinyint(4) NOT NULL,
  `created_at` timestamp NULL DEFAULT NULL,
  `updated_at` timestamp NULL DEFAULT NULL,
  `deleted_at` timestamp NULL DEFAULT NULL,
  PRIMARY KEY (`id`)
) ENGINE=InnoDB AUTO_INCREMENT=6 DEFAULT CHARSET=utf8mb4 COLLATE=utf8mb4_unicode_ci;
/*!40101 SET character_set_client = @saved_cs_client */;

--
-- Dumping data for table `tipousuarios`
--

LOCK TABLES `tipousuarios` WRITE;
/*!40000 ALTER TABLE `tipousuarios` DISABLE KEYS */;
INSERT INTO `tipousuarios` VALUES (1,'Administrador',1,'2017-08-27 20:18:21','2017-08-27 23:15:14',NULL),(2,'Analista',1,'2017-08-27 23:15:23','2017-08-27 23:15:26',NULL),(3,'Secretaria',1,'2017-08-27 23:15:53','2017-08-27 23:15:57',NULL),(4,'sa kkA',1,'2018-01-04 04:23:36','2018-01-04 04:23:51','2018-01-04 04:23:51'),(5,'skskks 888',1,'2018-01-04 22:41:53','2018-01-04 22:42:10','2018-01-04 22:42:10');
/*!40000 ALTER TABLE `tipousuarios` ENABLE KEYS */;
UNLOCK TABLES;

--
-- Table structure for table `users`
--

DROP TABLE IF EXISTS `users`;
/*!40101 SET @saved_cs_client     = @@character_set_client */;
/*!40101 SET character_set_client = utf8 */;
CREATE TABLE `users` (
  `id` int(10) unsigned NOT NULL AUTO_INCREMENT,
  `name` varchar(255) COLLATE utf8mb4_unicode_ci NOT NULL,
  `cedula` varchar(13) COLLATE utf8mb4_unicode_ci NOT NULL,
  `nombres` varchar(128) COLLATE utf8mb4_unicode_ci NOT NULL,
  `apellidos` varchar(128) COLLATE utf8mb4_unicode_ci DEFAULT NULL,
  `direccion` varchar(512) COLLATE utf8mb4_unicode_ci DEFAULT NULL,
  `email` varchar(255) COLLATE utf8mb4_unicode_ci NOT NULL,
  `password` varchar(255) COLLATE utf8mb4_unicode_ci NOT NULL,
  `remember_token` varchar(100) COLLATE utf8mb4_unicode_ci DEFAULT NULL,
  `created_at` timestamp NULL DEFAULT NULL,
  `updated_at` timestamp NULL DEFAULT NULL,
  `deleted_at` timestamp NULL DEFAULT NULL,
  `entidad_id` int(11) DEFAULT NULL,
  PRIMARY KEY (`id`),
  UNIQUE KEY `users_email_unique` (`cedula`)
) ENGINE=InnoDB AUTO_INCREMENT=10 DEFAULT CHARSET=utf8mb4 COLLATE=utf8mb4_unicode_ci;
/*!40101 SET character_set_client = @saved_cs_client */;

--
-- Dumping data for table `users`
--

LOCK TABLES `users` WRITE;
/*!40000 ALTER TABLE `users` DISABLE KEYS */;
INSERT INTO `users` VALUES (1,'0603718578','0603718578','Fabian','Villa','Calle 5','efaby10@hotmail.com','$2y$10$GNR6US81pE1Gwd57kyD57OYU7fVjczlBEFP1fFGx3P4MPxXvcfZz.','hnDcb8AhK9wcrZqoKUIMcF7d2mYFY4bhv3hbz9Q7ZIMqMOoRHR2JTzz1R5VY','2017-12-13 10:44:41','2017-12-13 10:57:52',NULL,1),(5,'0603108770','0603108770','Janeth','Concha',NULL,'mail@mail.com','$2y$10$l0EegupxPQbHA6TYbNUm6.TKS3COR9DxleRHtqUIw1Ly.ESI2kXt6','Lq58NdvMKYi66jqnowB0jhWicuiSiJmBz5P5yR9QgBjRfCLt5TbQS4HpSMk8',NULL,'2018-01-05 00:33:49',NULL,1),(7,'0101380285','0101380285','Ana','Ana','ww','qsas@mail.com','$2y$10$3ltg4096Uc5K09ZqyIp8aeYYMG5UH16LiGvXsPQQMyZ9Uiajj/7Mu','DyB4zrA7y9BvM9ChuZYhOYfCahjxz5v2hNLCQmH1m1PmJMN7Yj4EU66rH8uE',NULL,NULL,NULL,1),(9,'0603718570','0603718570','test','test',NULL,'mail@mail.com','$2y$10$RUD3KxPdoumubtC.2sxnb.6nYif0r1eE7rPe88yHnHb577H4ueEqa',NULL,NULL,'2018-01-05 10:08:02',NULL,2);
/*!40000 ALTER TABLE `users` ENABLE KEYS */;
UNLOCK TABLES;
/*!40103 SET TIME_ZONE=@OLD_TIME_ZONE */;

/*!40101 SET SQL_MODE=@OLD_SQL_MODE */;
/*!40014 SET FOREIGN_KEY_CHECKS=@OLD_FOREIGN_KEY_CHECKS */;
/*!40014 SET UNIQUE_CHECKS=@OLD_UNIQUE_CHECKS */;
/*!40101 SET CHARACTER_SET_CLIENT=@OLD_CHARACTER_SET_CLIENT */;
/*!40101 SET CHARACTER_SET_RESULTS=@OLD_CHARACTER_SET_RESULTS */;
/*!40101 SET COLLATION_CONNECTION=@OLD_COLLATION_CONNECTION */;
/*!40111 SET SQL_NOTES=@OLD_SQL_NOTES */;

-- Dump completed on 2018-01-05  0:09:02
